{
  "summary": {
    "compared_points": 2934,
    "top1_accuracy": 0.5429447852760736,
    "raw_accuracy": 0.5429447852760736,
    "stable_accuracy": 0.5340831629175188,
    "mean_brier": 0.6123013019197907,
    "mean_entropy": 0.5867009304201967,
    "lock_incidence": 0.0
  },
  "critical_regime_performance": {
    "critical_days": 1191,
    "raw_critical_recall": 0.853904282115869,
    "stable_critical_recall": 0.8606213266162889
  },
  "confusion_matrix": {
    "BUST": {
      "BUST": 125,
      "LATE_CYCLE": 478,
      "MID_CYCLE": 0,
      "RECOVERY": 0
    },
    "LATE_CYCLE": {
      "BUST": 9,
      "LATE_CYCLE": 413,
      "MID_CYCLE": 166,
      "RECOVERY": 0
    },
    "MID_CYCLE": {
      "BUST": 110,
      "LATE_CYCLE": 324,
      "MID_CYCLE": 839,
      "RECOVERY": 6
    },
    "RECOVERY": {
      "BUST": 79,
      "LATE_CYCLE": 195,
      "MID_CYCLE": 0,
      "RECOVERY": 190
    }
  },
  "posterior_alignment": {
    "overall": {
      "rows": 2934,
      "mean_true_regime_probability": 0.46372979147651533,
      "mean_true_regime_rank": 1.6376959781867757,
      "mean_expected_l1_error": 1.0725404170469692
    },
    "by_regime": {
      "BUST": {
        "rows": 603,
        "mean_true_regime_probability": 0.2931795065351158,
        "mean_true_regime_rank": 1.900497512437811,
        "mean_entropy": 0.5116330190653612,
        "mean_expected_l1_error": 1.4136409869297681,
        "mean_prob_MID_CYCLE": 0.05430039550309859,
        "mean_prob_LATE_CYCLE": 0.6291876779667918,
        "mean_prob_BUST": 0.2931795065351158,
        "mean_prob_RECOVERY": 0.023332419994993726
      },
      "LATE_CYCLE": {
        "rows": 588,
        "mean_true_regime_probability": 0.4836806267325758,
        "mean_true_regime_rank": 1.3962585034013606,
        "mean_entropy": 0.5868936512634153,
        "mean_expected_l1_error": 1.032638746534848,
        "mean_prob_MID_CYCLE": 0.29914232283788755,
        "mean_prob_LATE_CYCLE": 0.4836806267325758,
        "mean_prob_BUST": 0.18912563982818595,
        "mean_prob_RECOVERY": 0.02805141060135055
      },
      "MID_CYCLE": {
        "rows": 1279,
        "mean_true_regime_probability": 0.5930638730627136,
        "mean_true_regime_rank": 1.5207193119624707,
        "mean_entropy": 0.5812933264292772,
        "mean_expected_l1_error": 0.8138722538745727,
        "mean_prob_MID_CYCLE": 0.5930638730627136,
        "mean_prob_LATE_CYCLE": 0.22518052879389372,
        "mean_prob_BUST": 0.11299346669443669,
        "mean_prob_RECOVERY": 0.06876213144895588
      },
      "RECOVERY": {
        "rows": 464,
        "mean_true_regime_probability": 0.3035841887617584,
        "mean_true_regime_rank": 1.9224137931034482,
        "mean_entropy": 0.6989185084278247,
        "mean_expected_l1_error": 1.392831622476483,
        "mean_prob_MID_CYCLE": 0.03892179148414985,
        "mean_prob_LATE_CYCLE": 0.38182919696225237,
        "mean_prob_BUST": 0.27566482279183924,
        "mean_prob_RECOVERY": 0.3035841887617584
      }
    }
  },
  "crisis_windows": {
    "2018Q4": {
      "rows": 66,
      "critical_days": 66,
      "raw_critical_recall": 1.0,
      "stable_critical_recall": 1.0,
      "raw_stable_divergence": 0.015151515151515152,
      "mean_entropy": 0.5219218837367019,
      "mean_beta_gap": 0.03385615875779234,
      "first_raw_bust_date": "2018-11-21",
      "first_stable_bust_date": null
    },
    "2020_COVID": {
      "rows": 54,
      "critical_days": 16,
      "raw_critical_recall": 1.0,
      "stable_critical_recall": 1.0,
      "raw_stable_divergence": 0.16666666666666666,
      "mean_entropy": 0.5446761516297269,
      "mean_beta_gap": 0.13578557862322957,
      "first_raw_bust_date": "2020-02-28",
      "first_stable_bust_date": "2020-03-04"
    },
    "2022_H1": {
      "rows": 129,
      "critical_days": 129,
      "raw_critical_recall": 0.875968992248062,
      "stable_critical_recall": 0.875968992248062,
      "raw_stable_divergence": 0.09302325581395349,
      "mean_entropy": 0.6056882625102892,
      "mean_beta_gap": 0.08376686196606592,
      "first_raw_bust_date": "2022-01-31",
      "first_stable_bust_date": "2022-02-25"
    }
  },
  "beta_comparison": {
    "overall": {
      "rows": 2934,
      "raw_total_return": 3.9493639650853565,
      "raw_max_drawdown": -0.28145574274538165,
      "final_total_return": 2.4923175074280803,
      "final_max_drawdown": -0.23151656843819657,
      "benchmark_total_return": 4.925005917895745,
      "benchmark_max_drawdown": -0.3511871467703451,
      "mean_beta_gap": 0.13229389292850674
    },
    "windows": {
      "2018Q4": {
        "rows": 66,
        "raw_total_return": -0.13770001199984339,
        "raw_max_drawdown": -0.17983555867092893,
        "final_total_return": -0.12274999999199576,
        "final_max_drawdown": -0.16768162453449165,
        "benchmark_total_return": -0.1690320995039124,
        "benchmark_max_drawdown": -0.22699401116657714,
        "mean_beta_gap": 0.03385615875779234
      },
      "2020_COVID": {
        "rows": 54,
        "raw_total_return": -0.03906585440643984,
        "raw_max_drawdown": -0.20083591886042307,
        "final_total_return": -0.05494256107376383,
        "final_max_drawdown": -0.18448910468094126,
        "benchmark_total_return": -0.06505079636815503,
        "benchmark_max_drawdown": -0.28559383229631397,
        "mean_beta_gap": 0.13578557862322957
      },
      "2022_H1": {
        "rows": 129,
        "raw_total_return": -0.24219690719534281,
        "raw_max_drawdown": -0.26016919940560146,
        "final_total_return": -0.19646037075446998,
        "final_max_drawdown": -0.21393433439686638,
        "benchmark_total_return": -0.30002504214647974,
        "benchmark_max_drawdown": -0.323527447674787,
        "mean_beta_gap": 0.08376686196606592
      }
    }
  },
  "entropy": {
    "overall": {
      "rows": 2934,
      "mean_entropy": 0.5867009304201967,
      "max_entropy": 0.9961395643098032,
      "p90_entropy": 0.859651190014396
    },
    "windows": {
      "2018Q4": {
        "rows": 66,
        "mean_entropy": 0.5219218837367019,
        "max_entropy": 0.711689519820756,
        "p90_entropy": 0.5942942656825987
      },
      "2020_COVID": {
        "rows": 54,
        "mean_entropy": 0.5446761516297269,
        "max_entropy": 0.9766822262112324,
        "p90_entropy": 0.780886031831272
      },
      "2022_H1": {
        "rows": 129,
        "mean_entropy": 0.6056882625102892,
        "max_entropy": 0.8547943905641067,
        "p90_entropy": 0.7410763956756361
      }
    }
  },
  "feature_diagnostics": {
    "overall": {
      "rows": 9458,
      "mean_move_21d_raw_abs": 0.7797317299302503,
      "mean_move_21d_orth_abs": 0.7611267375450168,
      "mean_move_spread_beta": 0.07884647290367663,
      "mean_move_spread_corr_21d": 0.030109447537644034
    },
    "windows": {
      "2018Q4": {
        "rows": 66,
        "mean_move_21d_raw_abs": 0.920277776208717,
        "mean_move_21d_orth_abs": 1.2596345495795571,
        "mean_move_spread_beta": 0.1625977950928005,
        "mean_move_spread_corr_21d": 0.1295124995307744
      },
      "2020_COVID": {
        "rows": 54,
        "mean_move_21d_raw_abs": 1.2007872862293973,
        "mean_move_21d_orth_abs": 0.9740334928065492,
        "mean_move_spread_beta": 0.14237860325313406,
        "mean_move_spread_corr_21d": 0.5237535343635924
      },
      "2022_H1": {
        "rows": 129,
        "mean_move_21d_raw_abs": 0.9736826705021738,
        "mean_move_21d_orth_abs": 0.9690302124134723,
        "mean_move_spread_beta": 0.16015939349311503,
        "mean_move_spread_corr_21d": -0.10320174884284405
      }
    }
  },
  "state_support": {
    "audit_regimes": [
      "BUST",
      "LATE_CYCLE",
      "MID_CYCLE",
      "RECOVERY"
    ],
    "label_regimes": [
      "BUST",
      "LATE_CYCLE",
      "MID_CYCLE",
      "RECOVERY"
    ],