{
  "mainline": {
    "overall": {
      "rows": 3831,
      "stable_vs_benchmark_regime": 0.6705820934481859,
      "probability_within_band_share": 0.47050378491255546,
      "delta_within_band_share": 0.7806708431219003,
      "acceleration_within_band_share": 0.6397154789872096,
      "transition_rows": 1128,
      "transition_probability_within_band_share": 0.6385195035460993
    },
    "by_regime": [
      {
        "regime": "MID_CYCLE",
        "probability_within_band_share": 0.4622813886713652,
        "delta_within_band_share": 0.7160010441138084,
        "acceleration_within_band_share": 0.5813103628295484,
        "probability_mae": 0.23887787749048092,
        "delta_mae": 0.041612707776052714,
        "acceleration_mae": 0.059200640210745004
      },
      {
        "regime": "LATE_CYCLE",
        "probability_within_band_share": 0.34299138606108065,
        "delta_within_band_share": 0.6765857478465153,
        "acceleration_within_band_share": 0.5199686765857479,
        "probability_mae": 0.20575738090606724,
        "delta_mae": 0.04294930704679798,
        "acceleration_mae": 0.058480932113375364
      },
      {
        "regime": "BUST",
        "probability_within_band_share": 0.705298877577656,
        "delta_within_band_share": 0.8405116157661185,
        "acceleration_within_band_share": 0.7084312190028713,
        "probability_mae": 0.10851033721766172,
        "delta_mae": 0.01865715251045446,
        "acceleration_mae": 0.02494377611458014
      },
      {
        "regime": "RECOVERY",
        "probability_within_band_share": 0.37144348734012006,
        "delta_within_band_share": 0.889584964761159,
        "acceleration_within_band_share": 0.7491516575306708,
        "probability_mae": 0.16316550845408567,
        "delta_mae": 0.015488319640903952,
        "acceleration_mae": 0.020776482512384134
      }
    ]
  },
  "shadow": {
    "overall": {
      "rows": 1887,
      "stable_vs_benchmark_regime": 0.3985161632220456,
      "probability_within_band_share": 0.33426073131955486,
      "delta_within_band_share": 0.5735294117647058,
      "acceleration_within_band_share": 0.3978537360890302,
      "transition_rows": 472,
      "transition_probability_within_band_share": 0.5338983050847458
    },
    "by_regime": [
      {
        "regime": "MID_CYCLE",
        "probability_within_band_share": 0.21197668256491786,
        "delta_within_band_share": 0.4112347641759406,
        "acceleration_within_band_share": 0.24377318494965552,
        "probability_mae": 0.3925606171766514,
        "delta_mae": 0.0756206728681182,
        "acceleration_mae": 0.10921349355152467
      },
      {
        "regime": "LATE_CYCLE",
        "probability_within_band_share": 0.2368839427662957,
        "delta_within_band_share": 0.6099629040805511,
        "acceleration_within_band_share": 0.42183359830418654,
        "probability_mae": 0.3005720715671944,
        "delta_mae": 0.034945983362842103,
        "acceleration_mae": 0.043954576163640735
      },
      {
        "regime": "BUST",
        "probability_within_band_share": 0.5511393746687865,
        "delta_within_band_share": 0.5919448860625331,
        "acceleration_within_band_share": 0.4122946475887652,
        "probability_mae": 0.14917328626361281,
        "delta_mae": 0.039726691926804655,
        "acceleration_mae": 0.05935690584485971
      },
      {
        "regime": "RECOVERY",
        "probability_within_band_share": 0.3370429252782194,
        "delta_within_band_share": 0.6809750927397986,
        "acceleration_within_band_share": 0.5135135135135135,
        "probability_mae": 0.19656979907666033,
        "delta_mae": 0.049012056994097726,
        "acceleration_mae": 0.07196677467551642
      }
    ]
  }
}