window,rows,raw_total_return,raw_max_drawdown,final_total_return,final_max_drawdown,benchmark_total_return,benchmark_max_drawdown,mean_beta_gap
2018Q4,66,-0.1450630571805056,-0.1963972538941725,-0.17253170617519098,-0.22699401116657714,-0.1690320995039124,-0.22699401116657714,-0.12311204828139125
2020_COVID,54,-0.043480035308039566,-0.22921356169538287,-0.032396390955965026,-0.1884727422000826,-0.06505079636815503,-0.28559383229631397,0.15278640663762047
2022_H1,129,-0.2524735128060682,-0.2735623742363894,-0.19851494065234365,-0.21612967585652765,-0.30002504214647974,-0.323527447674787,0.18850912030557312
