{
  "summary": {
    "compared_points": 2152,
    "top1_accuracy": 0.4493494423791822,
    "raw_accuracy": 0.4493494423791822,
    "stable_accuracy": 0.4228624535315985,
    "mean_brier": 0.6441592986144172,
    "mean_entropy": 0.9302936279954768,
    "lock_incidence": 0.0
  },
  "critical_regime_performance": {
    "critical_days": 930,
    "raw_critical_recall": 0.7774193548387097,
    "stable_critical_recall": 0.7666666666666667
  },
  "confusion_matrix": {
    "BUST": {
      "LATE_CYCLE": 342,
      "MID_CYCLE": 0,
      "RECOVERY": 0
    },
    "LATE_CYCLE": {
      "LATE_CYCLE": 371,
      "MID_CYCLE": 217,
      "RECOVERY": 0
    },
    "MID_CYCLE": {
      "LATE_CYCLE": 379,
      "MID_CYCLE": 539,
      "RECOVERY": 101
    },
    "RECOVERY": {
      "LATE_CYCLE": 203,
      "MID_CYCLE": 0,
      "RECOVERY": 0
    }
  },
  "crisis_windows": {
    "2018Q4": {
      "rows": 66,
      "critical_days": 66,
      "raw_critical_recall": 1.0,
      "stable_critical_recall": 1.0,
      "raw_stable_divergence": 0.0,
      "mean_entropy": 0.9097503946619739,
      "mean_beta_gap": -0.12311204828139125,
      "first_raw_bust_date": null,
      "first_stable_bust_date": null
    },
    "2020_COVID": {
      "rows": 54,
      "critical_days": 16,
      "raw_critical_recall": 1.0,
      "stable_critical_recall": 1.0,
      "raw_stable_divergence": 0.0,
      "mean_entropy": 0.950691974369235,
      "mean_beta_gap": 0.15278640663762047,
      "first_raw_bust_date": null,
      "first_stable_bust_date": null
    },
    "2022_H1": {
      "rows": 129,
      "critical_days": 129,
      "raw_critical_recall": 0.5426356589147286,
      "stable_critical_recall": 1.0,
      "raw_stable_divergence": 0.6124031007751938,
      "mean_entropy": 0.98961883572851,
      "mean_beta_gap": 0.18850912030557312,
      "first_raw_bust_date": "2022-03-14",
      "first_stable_bust_date": null
    }
  },
  "beta_comparison": {
    "overall": {
      "rows": 2152,
      "raw_total_return": 2.324535467310296,
      "raw_max_drawdown": -0.29639319218549565,
      "final_total_return": 1.4576848366241122,
      "final_max_drawdown": -0.23390212134465294,
      "benchmark_total_return": 2.810626874927322,
      "benchmark_max_drawdown": -0.3511871467703451,
      "mean_beta_gap": 0.1854343046479151
    },
    "windows": {
      "2018Q4": {
        "rows": 66,
        "raw_total_return": -0.1450630571805056,
        "raw_max_drawdown": -0.1963972538941725,
        "final_total_return": -0.17253170617519098,
        "final_max_drawdown": -0.22699401116657714,
        "benchmark_total_return": -0.1690320995039124,
        "benchmark_max_drawdown": -0.22699401116657714,
        "mean_beta_gap": -0.12311204828139125
      },
      "2020_COVID": {
        "rows": 54,
        "raw_total_return": -0.043480035308039566,
        "raw_max_drawdown": -0.22921356169538287,
        "final_total_return": -0.032396390955965026,
        "final_max_drawdown": -0.1884727422000826,
        "benchmark_total_return": -0.06505079636815503,
        "benchmark_max_drawdown": -0.28559383229631397,
        "mean_beta_gap": 0.15278640663762047
      },
      "2022_H1": {
        "rows": 129,
        "raw_total_return": -0.2524735128060682,
        "raw_max_drawdown": -0.2735623742363894,
        "final_total_return": -0.19851494065234365,
        "final_max_drawdown": -0.21612967585652765,
        "benchmark_total_return": -0.30002504214647974,
        "benchmark_max_drawdown": -0.323527447674787,
        "mean_beta_gap": 0.18850912030557312
      }
    }
  },
  "entropy": {
    "overall": {
      "rows": 2152,
      "mean_entropy": 0.9302936279954768,
      "max_entropy": 0.9936127769603448,
      "p90_entropy": 0.9893346724972352
    },
    "windows": {
      "2018Q4": {
        "rows": 66,
        "mean_entropy": 0.9097503946619739,
        "max_entropy": 0.9235382955430416,
        "p90_entropy": 0.920787307370445
      },
      "2020_COVID": {
        "rows": 54,
        "mean_entropy": 0.950691974369235,
        "max_entropy": 0.9744038953818802,
        "p90_entropy": 0.9727278577379712
      },
      "2022_H1": {
        "rows": 129,
        "mean_entropy": 0.98961883572851,
        "max_entropy": 0.9936127769603448,
        "p90_entropy": 0.9935917820118617
      }
    }
  },
  "feature_diagnostics": {
    "overall": {
      "rows": 9458,
      "mean_move_21d_raw_abs": 0.7797317299302503,
      "mean_move_21d_orth_abs": 0.7611267375450168,
      "mean_move_spread_beta": 0.07884647290367663,
      "mean_move_spread_corr_21d": 0.030109447537644034
    },
    "windows": {
      "2018Q4": {
        "rows": 66,
        "mean_move_21d_raw_abs": 0.920277776208717,
        "mean_move_21d_orth_abs": 1.2596345495795571,
        "mean_move_spread_beta": 0.1625977950928005,
        "mean_move_spread_corr_21d": 0.1295124995307744
      },
      "2020_COVID": {
        "rows": 54,
        "mean_move_21d_raw_abs": 1.2007872862293973,
        "mean_move_21d_orth_abs": 0.9740334928065492,
        "mean_move_spread_beta": 0.14237860325313406,
        "mean_move_spread_corr_21d": 0.5237535343635924
      },
      "2022_H1": {
        "rows": 129,
        "mean_move_21d_raw_abs": 0.9736826705021738,
        "mean_move_21d_orth_abs": 0.9690302124134723,
        "mean_move_spread_beta": 0.16015939349311503,
        "mean_move_spread_corr_21d": -0.10320174884284405
      }
    }
  },
  "state_support": {
    "audit_regimes": [
      "BUST",
      "LATE_CYCLE",
      "MID_CYCLE",
      "RECOVERY"
    ],
    "label_regimes": [
      "BUST",
      "LATE_CYCLE",
      "MID_CYCLE",
      "RECOVERY"
    ],
    "supported_regimes": [
      "BUST",
      "LATE_CYCLE",
      "MID_CYCLE",
      "RECOVERY"
    ],
    "unsupported_audit_regimes": [],
    "extra_label_regimes": []
  }
}