scenario,rows,approx_total_return,approx_max_drawdown,mean_target_beta,mean_turnover,left_tail_mean_beta,mean_expected_beta,beta_expectation_mae,beta_expectation_rmse,beta_expectation_within_5pct,mean_raw_beta,raw_beta_expected_mae,raw_beta_expected_within_5pct,mean_standard_beta,standard_beta_expected_mae,standard_beta_expected_within_5pct,acceptance_pass,acceptance_reason,tractor_threshold,sidecar_threshold,calm_threshold
standard,2070.0,1.8749295915543946,-0.23775114626618066,0.7608549842614944,0.02716843687258439,0.7137406516741485,0.8747826086956522,0.18262907025178093,0.21555942466665196,0.12705314009661836,0.8587627474994584,0.14400956069471677,0.3173913043478261,0.7608549842614944,0.18262907025178093,0.12705314009661836,True,PASS,0.25,0.2,0.1
s4_sidecar,2070.0,1.162686669632258,-0.24718238458326702,0.6817083741255758,0.03345002310848687,0.6037783012256603,0.8747826086956522,0.239450512080781,0.2987004174947754,0.15458937198067632,0.8587627474994584,0.14400956069471677,0.3173913043478261,0.7608549842614944,0.18262907025178093,0.12705314009661836,False,Drawdown Regression,0.25,0.2,0.1
s5_tractor,2070.0,1.3003536622537988,-0.23775114626618066,0.7033087663836376,0.03163832510792028,0.6236122422580791,0.8747826086956522,0.22243824944738366,0.28033769789251956,0.1468599033816425,0.8587627474994584,0.14400956069471677,0.3173913043478261,0.7608549842614944,0.18262907025178093,0.12705314009661836,True,PASS,0.25,0.2,0.1
s4s5_panorama,2070.0,1.298711870222251,-0.32140686625706827,0.7743110349623699,0.04738490052347937,0.6426724255625001,0.8747826086956522,0.2754394088706444,0.3339161810025475,0.12222222222222222,0.8587627474994584,0.14400956069471677,0.3173913043478261,0.7608549842614944,0.18262907025178093,0.12705314009661836,False,Drawdown Regression,0.25,0.2,0.1
