scenario,rows,approx_total_return,approx_max_drawdown,mean_target_beta,mean_turnover,left_tail_mean_beta,mean_expected_beta,beta_expectation_mae,beta_expectation_rmse,beta_expectation_within_5pct,mean_raw_beta,raw_beta_expected_mae,raw_beta_expected_within_5pct,mean_standard_beta,standard_beta_expected_mae,standard_beta_expected_within_5pct,acceptance_pass,acceptance_reason,tractor_threshold,sidecar_threshold,calm_threshold
standard,2152.0,1.5059082255124379,-0.2362353928029839,0.6464681569995003,0.0,0.6464681569995003,0.8753252788104089,0.2754111271025714,0.29738015392956524,0.0,0.8680667644193563,0.14348921137474596,0.13057620817843865,0.6464681569995003,0.2754111271025714,0.0,True,PASS,0.25,0.2,0.1
s4_sidecar,2152.0,1.1681691541307346,-0.2339424565918461,0.5924273964708743,0.008167369349414515,0.5745902651386344,0.8753252788104089,0.3103946924825635,0.35188119470616597,0.06505576208178439,0.8680667644193563,0.14348921137474596,0.13057620817843865,0.6464681569995003,0.2754111271025714,0.0,True,PASS,0.25,0.2,0.1
s5_tractor,2152.0,1.2299067948893367,-0.23623539280298333,0.6169975659303628,0.005376851488364557,0.5895083181663613,0.8753252788104089,0.2945363836624504,0.3303189413291309,0.03531598513011153,0.8680667644193563,0.14348921137474596,0.13057620817843865,0.6464681569995003,0.2754111271025714,0.0,True,PASS,0.25,0.2,0.1
s4s5_panorama,2152.0,1.2978077581512388,-0.25885002325372786,0.6306566657906307,0.02171351946606344,0.5733975897497733,0.8753252788104089,0.3344802566693456,0.3805870981298224,0.06784386617100371,0.8680667644193563,0.14348921137474596,0.13057620817843865,0.6464681569995003,0.2754111271025714,0.0,False,Drawdown Regression,0.25,0.2,0.1
