scenario,rows,approx_total_return,approx_max_drawdown,mean_target_beta,mean_turnover,left_tail_mean_beta,mean_expected_beta,beta_expectation_mae,beta_expectation_rmse,beta_expectation_within_5pct,mean_raw_beta,raw_beta_expected_mae,raw_beta_expected_within_5pct,mean_standard_beta,standard_beta_expected_mae,standard_beta_expected_within_5pct,acceptance_pass,acceptance_reason,tractor_threshold,sidecar_threshold,calm_threshold
standard,1314.0,0.6034548862387505,-0.2517744004547835,0.7068823203722022,0.0001209064398115345,0.7000190298076264,0.9279299847793,0.23889149424043546,0.25252792344660113,0.0,0.8603567856665256,0.0962565744801446,0.21080669710806696,0.7068823203722022,0.23889149424043546,0.0,True,PASS,0.25,0.2,0.1
s4_sidecar,1314.0,0.4183696377367354,-0.27084108093115455,0.6520799553589872,0.014260711958619103,0.6183780478108193,0.9279299847793,0.2778326771795724,0.3030165606237468,0.0426179604261796,0.8603567856665256,0.0962565744801446,0.21080669710806696,0.7068823203722022,0.23889149424043546,0.0,False,Drawdown Regression,0.25,0.2,0.1
s5_tractor,1314.0,0.5309806232851688,-0.2517744004547835,0.6906911259567086,0.006165004450095972,0.6802123451079193,0.9279299847793,0.25508268865592904,0.2753861310286376,0.0,0.8603567856665256,0.0962565744801446,0.21080669710806696,0.7068823203722022,0.23889149424043546,0.0,True,PASS,0.25,0.2,0.1
s4s5_panorama,1314.0,0.4358218236331355,-0.3474705303678429,0.7845287469247992,0.040298239052393915,0.7103259777307314,0.9279299847793,0.285642637516348,0.31104513736611206,0.0426179604261796,0.8603567856665256,0.0962565744801446,0.21080669710806696,0.7068823203722022,0.23889149424043546,0.0,False,Defensive Violation,0.25,0.2,0.1
