scenario,rows,approx_total_return,approx_max_drawdown,mean_target_beta,mean_turnover,left_tail_mean_beta,mean_expected_beta,beta_expectation_mae,beta_expectation_rmse,beta_expectation_within_5pct,mean_raw_beta,raw_beta_expected_mae,raw_beta_expected_within_5pct,mean_standard_beta,standard_beta_expected_mae,standard_beta_expected_within_5pct,acceptance_pass,acceptance_reason,tractor_threshold,sidecar_threshold,calm_threshold
standard,2069.0,2.1711166917970006,-0.29865637113121113,0.8182868469341912,0.00778722464253059,0.8148150103157037,0.8747220879652006,0.14554209832149217,0.17855429808003626,0.18559690671822135,0.9543089262001663,0.13663597529862784,0.3639439342677622,0.8182868469341912,0.14554209832149217,0.18559690671822135,True,PASS,0.25,0.2,0.1
s4_sidecar,2069.0,1.3723286725716544,-0.28898207163977396,0.6881329610988903,0.01718366908542122,0.5937918474168811,0.8747220879652006,0.23456599410731327,0.30073956874669483,0.18124697921701305,0.9543089262001663,0.13663597529862784,0.3639439342677622,0.8182868469341912,0.14554209832149217,0.18559690671822135,True,PASS,0.25,0.2,0.1
s5_tractor,2069.0,1.5002151412643951,-0.29865637113121146,0.7552848027197439,0.01718016426932904,0.6834668557316225,0.8747220879652006,0.1919158503726631,0.25703340642135103,0.19623006283228614,0.9543089262001663,0.13663597529862784,0.3639439342677622,0.8182868469341912,0.14554209832149217,0.18559690671822135,True,PASS,0.25,0.2,0.1
s4s5_panorama,2069.0,1.4332430534757066,-0.3035448374360865,0.7483445240421019,0.03250241915384618,0.6244023930576759,0.8747220879652006,0.2826837160879981,0.3505546153272209,0.15514741420976316,0.9543089262001663,0.13663597529862784,0.3639439342677622,0.8182868469341912,0.14554209832149217,0.18559690671822135,False,Drawdown Regression,0.25,0.2,0.1
