scenario,rows,approx_total_return,approx_max_drawdown,mean_target_beta,mean_turnover,left_tail_mean_beta,mean_expected_beta,beta_expectation_mae,beta_expectation_rmse,beta_expectation_within_5pct,mean_raw_beta,raw_beta_expected_mae,raw_beta_expected_within_5pct,mean_standard_beta,standard_beta_expected_mae,standard_beta_expected_within_5pct,acceptance_pass,acceptance_reason,tractor_threshold,sidecar_threshold,calm_threshold
standard,2152.0,1.5898115483205606,-0.231516568438196,0.7312999150682234,0.0010381335983145057,0.6886575856558467,0.8753252788104089,0.19031048599331118,0.23375447622733692,0.05065055762081784,0.8571841686699271,0.118654061127889,0.3150557620817844,0.7312999150682234,0.19031048599331118,0.05065055762081784,True,PASS,0.25,0.2,0.1
s4_sidecar,2152.0,1.2103894246200548,-0.22941280014262488,0.6551329061252016,0.014867341922222619,0.6064437642629963,0.8753252788104089,0.2500571404084216,0.31690992218423003,0.11431226765799256,0.8571841686699271,0.118654061127889,0.3150557620817844,0.7312999150682234,0.19031048599331118,0.05065055762081784,True,PASS,0.25,0.2,0.1
s5_tractor,2152.0,1.3375436154587805,-0.23151656843819635,0.6921669671206504,0.008866766633408725,0.6252267058267783,0.8753252788104089,0.2204843337902155,0.2799127770668804,0.0845724907063197,0.8571841686699271,0.118654061127889,0.3150557620817844,0.7312999150682234,0.19031048599331118,0.05065055762081784,True,PASS,0.25,0.2,0.1
s4s5_panorama,2152.0,1.3365179946635433,-0.2550297694166188,0.6820692000053842,0.025323422898741534,0.5964801164884925,0.8753252788104089,0.2864798774012256,0.354710181699365,0.1008364312267658,0.8571841686699271,0.118654061127889,0.3150557620817844,0.7312999150682234,0.19031048599331118,0.05065055762081784,False,Drawdown Regression,0.25,0.2,0.1
