scenario,rows,approx_total_return,approx_max_drawdown,mean_target_beta,mean_turnover,left_tail_mean_beta,mean_expected_beta,beta_expectation_mae,beta_expectation_rmse,beta_expectation_within_5pct,mean_raw_beta,raw_beta_expected_mae,raw_beta_expected_within_5pct,mean_standard_beta,standard_beta_expected_mae,standard_beta_expected_within_5pct,acceptance_pass,acceptance_reason,tractor_threshold,sidecar_threshold,calm_threshold
standard,2152.0,1.5898115483205508,-0.2315165684381959,0.7312999150682237,0.0010381335983145057,0.6886575856558467,0.8753252788104089,0.1903104859933111,0.2337544762273369,0.05065055762081784,0.8571841686699272,0.11865406112788898,0.3150557620817844,0.7312999150682237,0.1903104859933111,0.05065055762081784,True,PASS,0.25,0.2,0.1
s4_sidecar,2152.0,1.2569130392584702,-0.218356628718553,0.6536843713907227,0.015252201822241346,0.6089133235100909,0.8753252788104089,0.25044114464602796,0.31736127497564703,0.11802973977695168,0.8571841686699272,0.11865406112788898,0.3150557620817844,0.7312999150682237,0.1903104859933111,0.05065055762081784,True,PASS,0.25,0.2,0.1
s5_tractor,2152.0,1.387292167600172,-0.231516568438196,0.6969065453364984,0.008545326754304151,0.6300842104714022,0.8753252788104089,0.21702596755571213,0.2749768320785891,0.07946096654275094,0.8571841686699272,0.11865406112788898,0.3150557620817844,0.7312999150682237,0.1903104859933111,0.05065055762081784,True,PASS,0.25,0.2,0.1
s4s5_panorama,2152.0,1.467961652607964,-0.2575060572096296,0.6835540150495488,0.025136643454430018,0.6049990137460521,0.8753252788104089,0.28748445613563794,0.3560376899296064,0.10362453531598513,0.8571841686699272,0.11865406112788898,0.3150557620817844,0.7312999150682237,0.1903104859933111,0.05065055762081784,False,Drawdown Regression,0.25,0.2,0.1
