{
  "scenario": "standard",
  "rows": 1240.0,
  "approx_total_return": 0.8935939004112583,
  "approx_max_drawdown": -0.10660269157381674,
  "mean_target_beta": 0.6942447996252663,
  "mean_turnover": 0.027240923775791695,
  "left_tail_mean_beta": 0.7106858654870327,
  "mean_expected_beta": 0.8780645161290324,
  "beta_expectation_mae": 0.25932168396471755,
  "beta_expectation_rmse": 0.298480907022092,
  "beta_expectation_within_5pct": 0.04032258064516129,
  "mean_raw_beta": 0.8532207145422334,
  "raw_beta_expected_mae": 0.16557620819567967,
  "raw_beta_expected_within_5pct": 0.27661290322580645,
  "mean_standard_beta": 0.6942447996252663,
  "standard_beta_expected_mae": 0.25932168396471755,
  "standard_beta_expected_within_5pct": 0.04032258064516129,
  "stable_vs_benchmark_regime": 0.7845439132492082,
  "probability_within_band_share": 0.5804435483870968,
  "delta_within_band_share": 0.8983870967741936,
  "acceleration_within_band_share": 0.9534274193548387,
  "transition_probability_within_band_share": 0.8841463414634146,
  "entropy_within_band_share": 0.4443548387096774,
  "entropy_mae": 0.15545668418006303,
  "transition_entropy_within_band_share": 0.6585365853658537,
  "acceptance_pass": false,
  "acceptance_reason": "Worldview Process Failure (entropy_within_band_share)",
  "tractor_threshold": 0.2,
  "sidecar_threshold": 0.15,
  "calm_threshold": 0.05,
  "selection_failed_closed": true
}