{
  "scenario": "standard",
  "rows": 782.0,
  "approx_total_return": 0.34848325535222124,
  "approx_max_drawdown": -0.09499816822234619,
  "mean_target_beta": 0.6291863518953001,
  "mean_turnover": 0.0016828803524462264,
  "left_tail_mean_beta": 0.6214682113448127,
  "mean_expected_beta": 0.8664961636828643,
  "beta_expectation_mae": 0.357966046764073,
  "beta_expectation_rmse": 0.3876763602197153,
  "beta_expectation_within_5pct": 0.04475703324808184,
  "mean_raw_beta": 0.7791190476771065,
  "raw_beta_expected_mae": 0.2392948850230772,
  "raw_beta_expected_within_5pct": 0.0,
  "mean_standard_beta": 0.6291863518953001,
  "standard_beta_expected_mae": 0.357966046764073,
  "standard_beta_expected_within_5pct": 0.04475703324808184,
  "acceptance_pass": true,
  "acceptance_reason": "PASS",
  "tractor_threshold": 0.2,
  "sidecar_threshold": 0.15,
  "calm_threshold": 0.05
}