{
  "scenario": "standard",
  "rows": 1240.0,
  "approx_total_return": 0.8893130648564243,
  "approx_max_drawdown": -0.10670610397057056,
  "mean_target_beta": 0.6925937655158146,
  "mean_turnover": 0.027010566136743033,
  "left_tail_mean_beta": 0.7081306805050552,
  "mean_expected_beta": 0.8780645161290324,
  "beta_expectation_mae": 0.26052879327665796,
  "beta_expectation_rmse": 0.2995653673172221,
  "beta_expectation_within_5pct": 0.03951612903225806,
  "mean_raw_beta": 0.8531916007008792,
  "raw_beta_expected_mae": 0.16782636235681597,
  "raw_beta_expected_within_5pct": 0.267741935483871,
  "mean_standard_beta": 0.6925937655158146,
  "standard_beta_expected_mae": 0.26052879327665796,
  "standard_beta_expected_within_5pct": 0.03951612903225806,
  "posterior_vs_benchmark_process": 0.8275622752138303,
  "probability_within_band_share": 0.6094234553995579,
  "delta_within_band_share": 0.8828538045676338,
  "acceleration_within_band_share": 0.949023128656121,
  "transition_probability_within_band_share": 0.96068253285418,
  "stable_vs_benchmark_regime": 0.8275622752138303,
  "entropy_within_band_share": 0.6422792670059588,
  "entropy_mae": 0.15840153213067573,
  "transition_entropy_within_band_share": 0.8815437191571242,
  "acceptance_pass": true,
  "acceptance_reason": "PASS",
  "tractor_threshold": 0.2,
  "sidecar_threshold": 0.15,
  "calm_threshold": 0.05,
  "selection_failed_closed": false
}