{
  "scenario": "standard",
  "rows": 1240.0,
  "approx_total_return": 1.0911801703625872,
  "approx_max_drawdown": -0.11061030665472105,
  "mean_target_beta": 0.766916816934916,
  "mean_turnover": 0.02574687889771794,
  "left_tail_mean_beta": 0.7761352502310134,
  "mean_expected_beta": 0.8780645161290324,
  "beta_expectation_mae": 0.21415733370705034,
  "beta_expectation_rmse": 0.26471468825746985,
  "beta_expectation_within_5pct": 0.17096774193548386,
  "mean_raw_beta": 0.8615093632211215,
  "raw_beta_expected_mae": 0.1547629478148844,
  "raw_beta_expected_within_5pct": 0.4104838709677419,
  "mean_standard_beta": 0.766916816934916,
  "standard_beta_expected_mae": 0.21415733370705034,
  "standard_beta_expected_within_5pct": 0.17096774193548386,
  "stable_vs_benchmark_regime": 0.6435483870967742,
  "probability_within_band_share": 0.4443548387096774,
  "delta_within_band_share": 0.7608870967741935,
  "acceleration_within_band_share": 0.6070564516129032,
  "transition_probability_within_band_share": 0.59,
  "entropy_within_band_share": 0.08790322580645162,
  "entropy_mae": 0.5307146360904644,
  "transition_entropy_within_band_share": 0.1875,
  "acceptance_pass": true,
  "acceptance_reason": "PASS",
  "tractor_threshold": 0.2,
  "sidecar_threshold": 0.15,
  "calm_threshold": 0.05
}