{
  "scenario": "standard",
  "rows": 1825.0,
  "approx_total_return": 1.3708377555660483,
  "approx_max_drawdown": -0.11508114687265081,
  "mean_target_beta": 0.7016503278917322,
  "mean_turnover": 0.005505736926000742,
  "left_tail_mean_beta": 0.6540599486913345,
  "mean_expected_beta": 0.8572602739726026,
  "beta_expectation_mae": 0.2237490501000904,
  "beta_expectation_rmse": 0.29203210592922896,
  "beta_expectation_within_5pct": 0.26301369863013696,
  "mean_raw_beta": 0.8039463094730477,
  "raw_beta_expected_mae": 0.14273833914677203,
  "raw_beta_expected_within_5pct": 0.36273972602739724,
  "mean_standard_beta": 0.7016503278917322,
  "standard_beta_expected_mae": 0.2237490501000904,
  "standard_beta_expected_within_5pct": 0.26301369863013696,
  "acceptance_pass": true,
  "acceptance_reason": "PASS",
  "tractor_threshold": 0.2,
  "sidecar_threshold": 0.15,
  "calm_threshold": 0.05
}