{
  "scenario": "standard",
  "rows": 2517.0,
  "approx_total_return": 2.678684812522692,
  "approx_max_drawdown": -0.21018440659041282,
  "mean_target_beta": 0.6321439619667611,
  "mean_turnover": 0.002909606764764129,
  "left_tail_mean_beta": 0.6273453264470741,
  "mean_expected_beta": 0.8344457687723479,
  "beta_expectation_mae": 0.25926300554428483,
  "beta_expectation_rmse": 0.3176022703528819,
  "beta_expectation_within_5pct": 0.14858959078267778,
  "mean_raw_beta": 0.7721898902350776,
  "raw_beta_expected_mae": 0.17826261050652248,
  "raw_beta_expected_within_5pct": 0.23798172427493047,
  "mean_standard_beta": 0.6321439619667611,
  "standard_beta_expected_mae": 0.25926300554428483,
  "standard_beta_expected_within_5pct": 0.14858959078267778,
  "acceptance_pass": true,
  "acceptance_reason": "PASS",
  "tractor_threshold": 0.2,
  "sidecar_threshold": 0.15,
  "calm_threshold": 0.05
}