{
  "scenario": "standard",
  "rows": 782.0,
  "approx_total_return": 0.3416940984013739,
  "approx_max_drawdown": -0.10304560646739425,
  "mean_target_beta": 0.6404067360709581,
  "mean_turnover": 0.0010932508080937111,
  "left_tail_mean_beta": 0.6451108862765594,
  "mean_expected_beta": 0.8664961636828643,
  "beta_expectation_mae": 0.34649025882691875,
  "beta_expectation_rmse": 0.3748207632917813,
  "beta_expectation_within_5pct": 0.0,
  "mean_raw_beta": 0.7707200174260316,
  "raw_beta_expected_mae": 0.24526214486459988,
  "raw_beta_expected_within_5pct": 0.0,
  "mean_standard_beta": 0.6404067360709581,
  "standard_beta_expected_mae": 0.34649025882691875,
  "standard_beta_expected_within_5pct": 0.0,
  "acceptance_pass": true,
  "acceptance_reason": "PASS",
  "tractor_threshold": 0.2,
  "sidecar_threshold": 0.15,
  "calm_threshold": 0.05
}