{
  "scenario": "standard",
  "rows": 1761.0,
  "approx_total_return": 1.2103127194318972,
  "approx_max_drawdown": -0.10707583794472642,
  "mean_target_beta": 0.702307204195304,
  "mean_turnover": 0.019358096243349693,
  "left_tail_mean_beta": 0.6808172359500742,
  "mean_expected_beta": 0.856785917092561,
  "beta_expectation_mae": 0.2594361539425198,
  "beta_expectation_rmse": 0.3026640310242946,
  "beta_expectation_within_5pct": 0.04202157864849517,
  "mean_raw_beta": 0.8384506959264418,
  "raw_beta_expected_mae": 0.1886580622048185,
  "raw_beta_expected_within_5pct": 0.25837592277115273,
  "mean_standard_beta": 0.702307204195304,
  "standard_beta_expected_mae": 0.2594361539425198,
  "standard_beta_expected_within_5pct": 0.04202157864849517,
  "acceptance_pass": true,
  "acceptance_reason": "PASS",
  "tractor_threshold": 0.2,
  "sidecar_threshold": 0.15,
  "calm_threshold": 0.05
}