{
  "scenario": "standard",
  "rows": 1240.0,
  "approx_total_return": 0.8925988536385361,
  "approx_max_drawdown": -0.10671127665381253,
  "mean_target_beta": 0.6933888480204188,
  "mean_turnover": 0.027305917826686697,
  "left_tail_mean_beta": 0.7093502776639686,
  "mean_expected_beta": 0.8780645161290324,
  "beta_expectation_mae": 0.25975295449750163,
  "beta_expectation_rmse": 0.29896145481186925,
  "beta_expectation_within_5pct": 0.04032258064516129,
  "mean_raw_beta": 0.8533711632570218,
  "raw_beta_expected_mae": 0.166353270481949,
  "raw_beta_expected_within_5pct": 0.27338709677419354,
  "mean_standard_beta": 0.6933888480204188,
  "standard_beta_expected_mae": 0.25975295449750163,
  "standard_beta_expected_within_5pct": 0.04032258064516129,
  "stable_vs_benchmark_regime": 0.7855179061427218,
  "probability_within_band_share": 0.6034146884909725,
  "delta_within_band_share": 0.8893173096109627,
  "acceleration_within_band_share": 0.9499390303102402,
  "transition_probability_within_band_share": 0.9586467709852454,
  "entropy_within_band_share": 0.6243528866540256,
  "entropy_mae": 0.16231872593241406,
  "transition_entropy_within_band_share": 0.8849414913865358,
  "acceptance_pass": true,
  "acceptance_reason": "PASS",
  "tractor_threshold": 0.2,
  "sidecar_threshold": 0.15,
  "calm_threshold": 0.05,
  "selection_failed_closed": false
}