{
  "scenario": "standard",
  "rows": 1761.0,
  "approx_total_return": 1.4709896699849558,
  "approx_max_drawdown": -0.13648058278422115,
  "mean_target_beta": 0.7343159179202572,
  "mean_turnover": 0.010401623551142831,
  "left_tail_mean_beta": 0.714499617326762,
  "mean_expected_beta": 0.856785917092561,
  "beta_expectation_mae": 0.26580614836757765,
  "beta_expectation_rmse": 0.3031905643852025,
  "beta_expectation_within_5pct": 0.07495741056218058,
  "mean_raw_beta": 0.8773074339145771,
  "raw_beta_expected_mae": 0.1974358377084506,
  "raw_beta_expected_within_5pct": 0.16638273708120385,
  "mean_standard_beta": 0.7343159179202572,
  "standard_beta_expected_mae": 0.26580614836757765,
  "standard_beta_expected_within_5pct": 0.07495741056218058,
  "acceptance_pass": true,
  "acceptance_reason": "PASS",
  "tractor_threshold": 0.2,
  "sidecar_threshold": 0.15,
  "calm_threshold": 0.05
}