{
  "scenario": "standard",
  "rows": 1240.0,
  "approx_total_return": 0.8909129383539995,
  "approx_max_drawdown": -0.1067088601502818,
  "mean_target_beta": 0.6932655447485094,
  "mean_turnover": 0.02724399380060204,
  "left_tail_mean_beta": 0.7089227758707273,
  "mean_expected_beta": 0.8780645161290324,
  "beta_expectation_mae": 0.25986546299984964,
  "beta_expectation_rmse": 0.29872148348804456,
  "beta_expectation_within_5pct": 0.03951612903225806,
  "mean_raw_beta": 0.855586928971861,
  "raw_beta_expected_mae": 0.16537296727562312,
  "raw_beta_expected_within_5pct": 0.2709677419354839,
  "mean_standard_beta": 0.6932655447485094,
  "standard_beta_expected_mae": 0.25986546299984964,
  "standard_beta_expected_within_5pct": 0.03951612903225806,
  "stable_vs_benchmark_regime": 0.8321282490240443,
  "probability_within_band_share": 0.614240148666724,
  "delta_within_band_share": 0.8870364926574472,
  "acceleration_within_band_share": 0.9502665421153064,
  "transition_probability_within_band_share": 0.9625723770040528,
  "entropy_within_band_share": 0.6371300201265888,
  "entropy_mae": 0.1593568171527211,
  "transition_entropy_within_band_share": 0.8818359855812924,
  "acceptance_pass": true,
  "acceptance_reason": "PASS",
  "tractor_threshold": 0.2,
  "sidecar_threshold": 0.15,
  "calm_threshold": 0.05,
  "selection_failed_closed": false
}