{
  "scenario": "standard",
  "rows": 1240.0,
  "approx_total_return": 1.0032043992234394,
  "approx_max_drawdown": -0.10660137332055075,
  "mean_target_beta": 0.7289210708042173,
  "mean_turnover": 0.024824383290583465,
  "left_tail_mean_beta": 0.7411326756046188,
  "mean_expected_beta": 0.8780645161290324,
  "beta_expectation_mae": 0.23613409507354474,
  "beta_expectation_rmse": 0.2799978518066992,
  "beta_expectation_within_5pct": 0.06854838709677419,
  "mean_raw_beta": 0.8612585694482732,
  "raw_beta_expected_mae": 0.15643656279635634,
  "raw_beta_expected_within_5pct": 0.3967741935483871,
  "mean_standard_beta": 0.7289210708042173,
  "standard_beta_expected_mae": 0.23613409507354474,
  "standard_beta_expected_within_5pct": 0.06854838709677419,
  "stable_vs_benchmark_regime": 0.8069560153516915,
  "probability_within_band_share": 0.48770161290322583,
  "delta_within_band_share": 0.7481854838709677,
  "acceleration_within_band_share": 0.5844758064516129,
  "transition_probability_within_band_share": 0.71375,
  "entropy_within_band_share": 0.12903225806451613,
  "entropy_mae": 0.3571237327250887,
  "transition_entropy_within_band_share": 0.265,
  "acceptance_pass": false,
  "acceptance_reason": "Worldview Process Failure (entropy_within_band_share)",
  "tractor_threshold": 0.2,
  "sidecar_threshold": 0.15,
  "calm_threshold": 0.05,
  "selection_failed_closed": true
}