{
  "scenario": "standard",
  "rows": 1761.0,
  "approx_total_return": 1.3377127654544583,
  "approx_max_drawdown": -0.10947241753198544,
  "mean_target_beta": 0.6850084235348829,
  "mean_turnover": 0.007015742413973711,
  "left_tail_mean_beta": 0.6416016497555151,
  "mean_expected_beta": 0.856785917092561,
  "beta_expectation_mae": 0.22935319295951967,
  "beta_expectation_rmse": 0.3022889368591409,
  "beta_expectation_within_5pct": 0.24645088018171493,
  "mean_raw_beta": 0.7926512842688366,
  "raw_beta_expected_mae": 0.1333923692406638,
  "raw_beta_expected_within_5pct": 0.3798977853492334,
  "mean_standard_beta": 0.6850084235348829,
  "standard_beta_expected_mae": 0.22935319295951967,
  "standard_beta_expected_within_5pct": 0.24645088018171493,
  "acceptance_pass": true,
  "acceptance_reason": "PASS",
  "tractor_threshold": 0.2,
  "sidecar_threshold": 0.15,
  "calm_threshold": 0.05
}