{
  "scenario": "standard",
  "rows": 1761.0,
  "approx_total_return": 1.295826669437893,
  "approx_max_drawdown": -0.11417987682828523,
  "mean_target_beta": 0.7335422989251503,
  "mean_turnover": 0.025767492946937202,
  "left_tail_mean_beta": 0.7115489145902608,
  "mean_expected_beta": 0.856785917092561,
  "beta_expectation_mae": 0.24045865094580116,
  "beta_expectation_rmse": 0.28624764296797667,
  "beta_expectation_within_5pct": 0.08858603066439523,
  "mean_raw_beta": 0.8422285415058854,
  "raw_beta_expected_mae": 0.18339938460390176,
  "raw_beta_expected_within_5pct": 0.2566723452583759,
  "mean_standard_beta": 0.7335422989251503,
  "standard_beta_expected_mae": 0.24045865094580116,
  "standard_beta_expected_within_5pct": 0.08858603066439523,
  "acceptance_pass": true,
  "acceptance_reason": "PASS",
  "tractor_threshold": 0.2,
  "sidecar_threshold": 0.15,
  "calm_threshold": 0.05
}