benchmark_regime,rows,mean_target_beta,mean_benchmark_beta,beta_mae
BUST,608,0.7627588301930387,0.694026384599537,0.12459800400810117
LATE_CYCLE,1563,0.7651372599350017,0.814282369753819,0.09731193598573784
MID_CYCLE,1344,0.8113486927511336,0.8965526979156733,0.10102911703909878
RECOVERY,315,0.7493532338765568,0.8671020596395055,0.1347282368694597
