benchmark_regime,rows,mean_target_beta,mean_benchmark_beta,beta_mae
BUST,456,0.5995701622335,0.7017310242859206,0.10216086205242055
LATE_CYCLE,1435,0.706314567436728,0.8440927330424165,0.1446478097874368
MID_CYCLE,1183,0.766639632689182,0.9050106977856773,0.1502184674592902
RECOVERY,238,0.6920073951628967,0.921821127464665,0.2298137323017684
