benchmark_regime,rows,mean_target_beta,mean_benchmark_beta,beta_mae
BUST,629,0.6220751731098263,0.6971968566365373,0.09874674243074988
LATE_CYCLE,1657,0.7279407622527972,0.815573872375374,0.10955858655458187
MID_CYCLE,1230,0.835019085091185,0.8949654524305853,0.10449215506607575
RECOVERY,315,0.7688292197693972,0.8663155819313769,0.12704533930748474
