benchmark_regime,rows,mean_target_beta,mean_benchmark_beta,beta_mae
BUST,456,0.6010157729556327,0.7017310242859206,0.10071525133028789
LATE_CYCLE,1435,0.7059643140131558,0.8440927330424165,0.14476937209233576
MID_CYCLE,1183,0.7659933859951831,0.9050106977856773,0.15071450154928925
RECOVERY,238,0.697432491976297,0.921821127464665,0.22438863548836815
