window,rows,stable_vs_benchmark_regime,beta_mae,tractor_prob_mean,sidecar_prob_mean,left_tail_cover
2018Q4,63,0.5396825396825397,0.12198617259254091,0.23235327005343007,0.1065126203886564,0.3888888888888889
2020COVID,52,0.6538461538461539,0.1548589030491415,0.8000262407925292,0.6845707560723504,0.9583333333333334
2022H1,124,0.7258064516129032,0.0832251222540992,0.12045362050753816,0.2112564922703769,0.6842105263157895
