window,rows,stable_vs_benchmark_regime,beta_mae,tractor_prob_mean,sidecar_prob_mean,left_tail_cover
2018Q4,63,0.8253968253968254,0.08417371103789664,0.18841513906259885,0.1316643816023456,0.05555555555555555
2020COVID,52,0.8076923076923077,0.09868841438255453,0.8374650285481269,0.6822144215301063,1.0
2022H1,124,0.9354838709677419,0.07091173598959416,0.11519188270997806,0.28202158716864656,0.7631578947368421
