window,rows,stable_vs_benchmark_regime,beta_mae,tractor_prob_mean,sidecar_prob_mean,left_tail_cover
2018Q4,63,0.3492063492063492,0.1353552777621814,0.18841513906259885,0.1316643816023456,0.05555555555555555
2020COVID,52,0.28846153846153844,0.16263609662088313,0.8374650285481269,0.6822144215301063,1.0
2022H1,124,0.10483870967741936,0.1209804841146447,0.11519188270997806,0.28202158716864656,0.7631578947368421
