regime,probability_mae,probability_correlation,delta_sign_alignment,model_mean_probability,benchmark_mean_probability
MID_CYCLE,0.22511871807514455,0.5767716836915351,0.5703502415458938,0.38029268553893497,0.2332070284805537
LATE_CYCLE,0.19171388012663415,0.5783915321799677,0.6207729468599034,0.3307548957178846,0.3803349643667072
BUST,0.08016939513007187,0.9240036416710768,0.6542874396135265,0.16715456288110253,0.18457000239793997
RECOVERY,0.10204710273725934,0.794902264373286,0.6192632850241546,0.12179785586207782,0.20188800475479912
