regime,probability_mae,probability_correlation,delta_sign_alignment,model_mean_probability,benchmark_mean_probability
MID_CYCLE,0.47731013222730817,0.24091472864592917,0.508355091383812,0.6775425350091132,0.22512460395710887
LATE_CYCLE,0.26890636146926994,0.08864924339616093,0.504177545691906,0.12800225776440624,0.370140636080476
BUST,0.15114758380413593,0.32880673958891793,0.5389033942558746,0.12490124259725527,0.1968561458314432
RECOVERY,0.16251676870053422,0.12518009119268567,0.5180156657963446,0.06955396462922517,0.207878614130972
