regime,probability_mae,probability_correlation,delta_sign_alignment,model_mean_probability,benchmark_mean_probability
MID_CYCLE,0.22241061996109504,0.6535013911868537,0.5747846515270164,0.3493752925215708,0.21709858378602803
LATE_CYCLE,0.18279802845332965,0.6940434385010624,0.6400417645523362,0.3323671233410787,0.3759950471095187
BUST,0.10166576540878437,0.8988219338091171,0.6356042808666145,0.19031647161896,0.1989125377641821
RECOVERY,0.13474256204662965,0.6052195051722883,0.5969720699556251,0.12794111251839044,0.20799383134027122
