regime,probability_mae,probability_correlation,delta_sign_alignment,model_mean_probability,benchmark_mean_probability
MID_CYCLE,0.22854954526094515,0.5736095453113218,0.572463768115942,0.3839208154608241,0.2332070284805537
LATE_CYCLE,0.19275233756617266,0.5780445172303896,0.6210748792270532,0.3339618660064379,0.3803349643667072
BUST,0.0812846675113372,0.9242378300303472,0.6539855072463768,0.16932147063126535,0.18457000239793997
RECOVERY,0.10522983789051926,0.7755012669382045,0.6183574879227053,0.11279584790147244,0.20188800475479912
