{
  "probability": {
    "MID_CYCLE": {
      "regime": "MID_CYCLE",
      "probability_mae": 0.22854954526094515,
      "probability_correlation": 0.5736095453113218,
      "delta_sign_alignment": 0.572463768115942,
      "model_mean_probability": 0.3839208154608241,
      "benchmark_mean_probability": 0.2332070284805537
    },
    "LATE_CYCLE": {
      "regime": "LATE_CYCLE",
      "probability_mae": 0.19275233756617266,
      "probability_correlation": 0.5780445172303896,
      "delta_sign_alignment": 0.6210748792270532,
      "model_mean_probability": 0.3339618660064379,
      "benchmark_mean_probability": 0.3803349643667072
    },
    "BUST": {
      "regime": "BUST",
      "probability_mae": 0.0812846675113372,
      "probability_correlation": 0.9242378300303472,
      "delta_sign_alignment": 0.6539855072463768,
      "model_mean_probability": 0.16932147063126535,
      "benchmark_mean_probability": 0.18457000239793997
    },
    "RECOVERY": {
      "regime": "RECOVERY",
      "probability_mae": 0.10522983789051926,
      "probability_correlation": 0.7755012669382045,
      "delta_sign_alignment": 0.6183574879227053,
      "model_mean_probability": 0.11279584790147244,
      "benchmark_mean_probability": 0.20188800475479912
    }
  },
  "beta": {
    "overall_beta_mae": 0.14690793340369468,
    "stable_vs_benchmark_regime": 0.6286231884057971
  },
  "left_tail": {
    "event_rows": 166,
    "covered_share": 0.6626506024096386,
    "tractor_hit_share": 0.3855421686746988,
    "sidecar_hit_share": 0.6204819277108434
  },
  "transition": {
    "rows": 1367,
    "stable_vs_benchmark_regime": 0.48354059985369424,
    "mean_beta_mae": 0.20619311502710472
  }
}