{
  "probability": {
    "MID_CYCLE": {
      "regime": "MID_CYCLE",
      "probability_mae": 0.22241061996109504,
      "probability_correlation": 0.6535013911868537,
      "delta_sign_alignment": 0.5747846515270164,
      "model_mean_probability": 0.3493752925215708,
      "benchmark_mean_probability": 0.21709858378602803
    },
    "LATE_CYCLE": {
      "regime": "LATE_CYCLE",
      "probability_mae": 0.18279802845332965,
      "probability_correlation": 0.6940434385010624,
      "delta_sign_alignment": 0.6400417645523362,
      "model_mean_probability": 0.3323671233410787,
      "benchmark_mean_probability": 0.3759950471095187
    },
    "BUST": {
      "regime": "BUST",
      "probability_mae": 0.10166576540878437,
      "probability_correlation": 0.8988219338091171,
      "delta_sign_alignment": 0.6356042808666145,
      "model_mean_probability": 0.19031647161896,
      "benchmark_mean_probability": 0.1989125377641821
    },
    "RECOVERY": {
      "regime": "RECOVERY",
      "probability_mae": 0.13474256204662965,
      "probability_correlation": 0.6052195051722883,
      "delta_sign_alignment": 0.5969720699556251,
      "model_mean_probability": 0.12794111251839044,
      "benchmark_mean_probability": 0.20799383134027122
    }
  },
  "beta": {
    "overall_beta_mae": 0.10759459971887618,
    "stable_vs_benchmark_regime": 0.7235708692247454
  },
  "left_tail": {
    "event_rows": 187,
    "covered_share": 0.7219251336898396,
    "tractor_hit_share": 0.32085561497326204,
    "sidecar_hit_share": 0.7219251336898396
  },
  "transition": {
    "rows": 1646,
    "stable_vs_benchmark_regime": 0.5874848116646415,
    "mean_beta_mae": 0.14638501085985983
  }
}