{
  "probability": {
    "MID_CYCLE": {
      "regime": "MID_CYCLE",
      "probability_mae": 0.22511871807514455,
      "probability_correlation": 0.5767716836915351,
      "delta_sign_alignment": 0.5703502415458938,
      "model_mean_probability": 0.38029268553893497,
      "benchmark_mean_probability": 0.2332070284805537
    },
    "LATE_CYCLE": {
      "regime": "LATE_CYCLE",
      "probability_mae": 0.19171388012663415,
      "probability_correlation": 0.5783915321799677,
      "delta_sign_alignment": 0.6207729468599034,
      "model_mean_probability": 0.3307548957178846,
      "benchmark_mean_probability": 0.3803349643667072
    },
    "BUST": {
      "regime": "BUST",
      "probability_mae": 0.08016939513007187,
      "probability_correlation": 0.9240036416710768,
      "delta_sign_alignment": 0.6542874396135265,
      "model_mean_probability": 0.16715456288110253,
      "benchmark_mean_probability": 0.18457000239793997
    },
    "RECOVERY": {
      "regime": "RECOVERY",
      "probability_mae": 0.10204710273725934,
      "probability_correlation": 0.794902264373286,
      "delta_sign_alignment": 0.6192632850241546,
      "model_mean_probability": 0.12179785586207782,
      "benchmark_mean_probability": 0.20188800475479912
    }
  },
  "beta": {
    "overall_beta_mae": 0.1465488991963025,
    "stable_vs_benchmark_regime": 0.5954106280193237
  },
  "left_tail": {
    "event_rows": 166,
    "covered_share": 0.6626506024096386,
    "tractor_hit_share": 0.3855421686746988,
    "sidecar_hit_share": 0.6204819277108434
  },
  "transition": {
    "rows": 1367,
    "stable_vs_benchmark_regime": 0.4316020482809071,
    "mean_beta_mae": 0.20491983585679918
  }
}