{
  "probability": {
    "MID_CYCLE": {
      "regime": "MID_CYCLE",
      "probability_mae": 0.47731013222730817,
      "probability_correlation": 0.24091472864592917,
      "delta_sign_alignment": 0.508355091383812,
      "model_mean_probability": 0.6775425350091132,
      "benchmark_mean_probability": 0.22512460395710887
    },
    "LATE_CYCLE": {
      "regime": "LATE_CYCLE",
      "probability_mae": 0.26890636146926994,
      "probability_correlation": 0.08864924339616093,
      "delta_sign_alignment": 0.504177545691906,
      "model_mean_probability": 0.12800225776440624,
      "benchmark_mean_probability": 0.370140636080476
    },
    "BUST": {
      "regime": "BUST",
      "probability_mae": 0.15114758380413593,
      "probability_correlation": 0.32880673958891793,
      "delta_sign_alignment": 0.5389033942558746,
      "model_mean_probability": 0.12490124259725527,
      "benchmark_mean_probability": 0.1968561458314432
    },
    "RECOVERY": {
      "regime": "RECOVERY",
      "probability_mae": 0.16251676870053422,
      "probability_correlation": 0.12518009119268567,
      "delta_sign_alignment": 0.5180156657963446,
      "model_mean_probability": 0.06955396462922517,
      "benchmark_mean_probability": 0.207878614130972
    }
  },
  "beta": {
    "overall_beta_mae": 0.10602524028643927,
    "stable_vs_benchmark_regime": 0.37441253263707575
  },
  "left_tail": {
    "event_rows": 187,
    "covered_share": 0.7219251336898396,
    "tractor_hit_share": 0.32085561497326204,
    "sidecar_hit_share": 0.7219251336898396
  },
  "transition": {
    "rows": 1537,
    "stable_vs_benchmark_regime": 0.4248536109303839,
    "mean_beta_mae": 0.09920275651070667
  }
}