{
  "probability": {
    "MID_CYCLE": {
      "regime": "MID_CYCLE",
      "probability_mae": 0.22232989751848156,
      "probability_correlation": 0.6535046944762257,
      "delta_sign_alignment": 0.5750065223062875,
      "model_mean_probability": 0.34924554802091556,
      "benchmark_mean_probability": 0.21707319111998089
    },
    "LATE_CYCLE": {
      "regime": "LATE_CYCLE",
      "probability_mae": 0.18273585553149366,
      "probability_correlation": 0.6940528670073194,
      "delta_sign_alignment": 0.63996869292982,
      "model_mean_probability": 0.3323299729663214,
      "benchmark_mean_probability": 0.3759683860012195
    },
    "BUST": {
      "regime": "BUST",
      "probability_mae": 0.10168649265908587,
      "probability_correlation": 0.89889540455299,
      "delta_sign_alignment": 0.635794416905818,
      "model_mean_probability": 0.19050203570815716,
      "benchmark_mean_probability": 0.19901984020940192
    },
    "RECOVERY": {
      "regime": "RECOVERY",
      "probability_mae": 0.13467744816062163,
      "probability_correlation": 0.60509864238096,
      "delta_sign_alignment": 0.5971823636837986,
      "model_mean_probability": 0.1279224433046058,
      "benchmark_mean_probability": 0.20793858266939766
    }
  },
  "beta": {
    "overall_beta_mae": 0.10760129963625534,
    "stable_vs_benchmark_regime": 0.7234542134098617
  },
  "left_tail": {
    "event_rows": 187,
    "covered_share": 0.7219251336898396,
    "tractor_hit_share": 0.32085561497326204,
    "sidecar_hit_share": 0.7219251336898396
  },
  "transition": {
    "rows": 1648,
    "stable_vs_benchmark_regime": 0.587378640776699,
    "mean_beta_mae": 0.146353518951259
  }
}