{
  "rows_compared": 686,
  "recovery_release_gap": 122,
  "shadow_mean_weight": 0.5989230088052604,
  "production_mean_beta": 0.6904652729439575
}