{
  "mainline": {
    "overall": {
      "rows": 3312,
      "stable_vs_benchmark_regime": 0.8008962981715201,
      "probability_within_band_share": 0.5604855250192544,
      "delta_within_band_share": 0.8325866918779931,
      "acceleration_within_band_share": 0.8537625750611549,
      "transition_rows": 839,
      "transition_probability_within_band_share": 0.9405033311430143,
      "entropy_within_band_share": 0.6223570640967843,
      "entropy_mae": 0.15703586667028852,
      "transition_entropy_within_band_share": 0.8706170008965054
    },
    "by_regime": [
      {
        "regime": "MID_CYCLE",
        "probability_within_band_share": 0.5042997301225154,
        "delta_within_band_share": 0.7034223838845157,
        "acceleration_within_band_share": 0.7627350534556,
        "probability_mae": 0.22080505679090517,
        "delta_mae": 0.028378303104138664,
        "acceleration_mae": 0.020690757506799103,
        "regime_agreement": 0.9079093287724497
      },
      {
        "regime": "LATE_CYCLE",
        "probability_within_band_share": 0.4138989939786297,
        "delta_within_band_share": 0.7309664033381078,
        "acceleration_within_band_share": 0.7704124135357449,
        "probability_mae": 0.18366179759430398,
        "delta_mae": 0.026061444932933105,
        "acceleration_mae": 0.018653576748010294,
        "regime_agreement": 0.8421339601296275
      },
      {
        "regime": "BUST",
        "probability_within_band_share": 0.8006115873075412,
        "delta_within_band_share": 0.9437741714086738,
        "acceleration_within_band_share": 0.9489477605273201,
        "probability_mae": 0.07816926063948539,
        "delta_mae": 0.010486791479085914,
        "acceleration_mae": 0.0079508038974043,
        "regime_agreement": 0.7228380008167146
      },
      {
        "regime": "RECOVERY",
        "probability_within_band_share": 0.5231317886683314,
        "delta_within_band_share": 0.952183808880675,
        "acceleration_within_band_share": 0.9329550727259549,
        "probability_mae": 0.10291828073505031,
        "delta_mae": 0.010123084332157813,
        "acceleration_mae": 0.008185714988011185,
        "regime_agreement": 0.7307039029672886
      }
    ]
  },
  "shadow": {
    "overall": {
      "rows": 1891,
      "stable_vs_benchmark_regime": 0.6550301290574072,
      "probability_within_band_share": 0.3701682797387522,
      "delta_within_band_share": 0.7374525867641761,
      "acceleration_within_band_share": 0.7836183332272251,
      "transition_rows": 434,
      "transition_probability_within_band_share": 0.6662723723244709,
      "entropy_within_band_share": 0.4021215938526029,
      "entropy_mae": 0.25915477688392907,
      "transition_entropy_within_band_share": 0.6084277148084222
    },
    "by_regime": [
      {
        "regime": "MID_CYCLE",
        "probability_within_band_share": 0.2364569892412119,
        "delta_within_band_share": 0.5798149508516487,
        "acceleration_within_band_share": 0.627051373864974,
        "probability_mae": 0.3806641732273374,
        "delta_mae": 0.037138067326550415,
        "acceleration_mae": 0.02398779598755011,
        "regime_agreement": 0.8479592442846735
      },
      {
        "regime": "LATE_CYCLE",
        "probability_within_band_share": 0.2725638112444522,
        "delta_within_band_share": 0.7564566896193191,
        "acceleration_within_band_share": 0.8803284832507975,
        "probability_mae": 0.29819096226021546,
        "delta_mae": 0.02111761735290444,
        "acceleration_mae": 0.010334784862110275,
        "regime_agreement": 0.5079318177829716
      },
      {
        "regime": "BUST",
        "probability_within_band_share": 0.5963262862443816,
        "delta_within_band_share": 0.8409426762196891,
        "acceleration_within_band_share": 0.8330654370962415,
        "probability_mae": 0.14443602441525094,
        "delta_mae": 0.017024744188494985,
        "acceleration_mae": 0.012470011648957873,
        "regime_agreement": 0.6610528113277783
      },
      {
        "regime": "RECOVERY",
        "probability_within_band_share": 0.3753260322249632,
        "delta_within_band_share": 0.7725960303660477,
        "acceleration_within_band_share": 0.7940280386968871,
        "probability_mae": 0.1843137532578418,
        "delta_mae": 0.02414554737023472,
        "acceleration_mae": 0.015702926859279185,
        "regime_agreement": 0.6031766428342055
      }
    ]
  }
}