{
  "ceil": 0.6339785760135936,
  "ceil_method": "variance_inflation_scenario",
  "ceil_multipliers": {
    "ed_accel": 2.0,
    "fisher_rho": 2.0,
    "spread_anomaly": 4.0
  },
  "config_fingerprint": "1cedb0d44d1850e91dad843bfabdde40e1c3b371f99f3312d236387ac19a9b3a",
  "dimension_caps": {
    "ed_accel": 1.0986122886681098,
    "fisher_rho": 1.0986122886681098,
    "spread_anomaly": 1.3862943611198906
  },
  "floor": 0.2822155392484849,
  "floor_quantile": 0.85,
  "mc_paths": 200,
  "mc_steps": 756,
  "method": "prior_predictive_null",
  "seed": 1337,
  "version": 1,
  "warmup": 252,
  "weights": {
    "ed_accel": 0.35,
    "fisher_rho": 0.2,
    "spread_anomaly": 0.45
  }
}
