{
  "ceil": 0.6339785760135936,
  "ceil_method": "variance_inflation_scenario",
  "ceil_multipliers": {
    "ed_accel": 2.0,
    "fisher_rho": 2.0,
    "spread_anomaly": 4.0
  },
  "config_fingerprint": "4a4440b7221a48efe8e6c2cb6046349ae60b023dce5bb94e15ff8ed165cf5458",
  "dimension_caps": {
    "ed_accel": 1.0986122886681098,
    "fisher_rho": 1.0986122886681098,
    "spread_anomaly": 1.3862943611198906
  },
  "floor": 0.3784840861743574,
  "floor_quantile": 0.9,
  "mc_paths": 200,
  "mc_steps": 756,
  "method": "prior_predictive_null",
  "seed": 1337,
  "version": 1,
  "warmup": 252,
  "weights": {
    "ed_accel": 0.35,
    "fisher_rho": 0.2,
    "spread_anomaly": 0.45
  }
}
