{
  "ceil": 0.6019262117583638,
  "ceil_method": "variance_inflation_scenario",
  "ceil_multipliers": {
    "ed_accel": 2.0,
    "fisher_rho": 2.0,
    "spread_anomaly": 4.0
  },
  "config_fingerprint": "7e65e554694372fab769d70f827d43f528d494290db3e79b9c625c66dfc5943f",
  "dimension_caps": {
    "ed_accel": 1.0986122886681098,
    "fisher_rho": 1.0986122886681098,
    "spread_anomaly": 1.3862943611198906
  },
  "floor": 0.42133538970232476,
  "floor_quantile": 0.9,
  "mc_paths": 200,
  "mc_steps": 756,
  "method": "prior_predictive_null",
  "resonance_gamma": 1.0,
  "resonance_method": "participation_ratio",
  "seed": 1337,
  "version": 1,
  "warmup": 252,
  "weights": {
    "ed_accel": 0.35,
    "fisher_rho": 0.2,
    "spread_anomaly": 0.45
  }
}
