{
  "ceil": 0.6339785760135936,
  "ceil_method": "variance_inflation_scenario",
  "ceil_multipliers": {
    "ed_accel": 2.0,
    "fisher_rho": 2.0,
    "spread_anomaly": 4.0
  },
  "config_fingerprint": "2c7d01889f15411694e0a245bf223e6521446f49daa3fde3e158ef431ffbdba4",
  "dimension_caps": {
    "ed_accel": 1.0986122886681098,
    "fisher_rho": 1.0986122886681098,
    "spread_anomaly": 1.3862943611198906
  },
  "floor": 0.29551277630655565,
  "floor_quantile": 0.9,
  "mc_paths": 200,
  "mc_steps": 756,
  "method": "prior_predictive_null",
  "seed": 1337,
  "version": 1,
  "warmup": 252,
  "weights": {
    "ed_accel": 0.35,
    "fisher_rho": 0.2,
    "spread_anomaly": 0.45
  }
}
