{
  "baseline_reference": {
    "variant": "locked_candidate",
    "decision": "DO_NOT_LIVE_INTEGRATE_YET",
    "shadow_total_return": 1.6234675139879982,
    "shadow_cagr": 0.13138204153936628,
    "shadow_max_drawdown": -0.24765542494520232,
    "shadow_sharpe": 0.8448878842909863,
    "production_total_return": 1.7612862960513116,
    "production_sharpe": 0.861903475132695,
    "q1_2022_avg_weight": 0.6959917666450687,
    "q1_2023_avg_weight": 0.5874232710458442
  },
  "best_variant": {
    "variant": "recovery_accelerated",
    "decision": "DO_NOT_LIVE_INTEGRATE_YET",
    "shadow_total_return": 2.18034116496004,
    "shadow_cagr": 0.15960069987362013,
    "shadow_max_drawdown": -0.2823202239504219,
    "shadow_sharpe": 0.9062093278373626,
    "production_total_return": 1.7612862960513116,
    "production_sharpe": 0.861903475132695,
    "q1_2022_avg_weight": 0.7709872667807937,
    "q1_2023_avg_weight": 0.8159661310212697,
    "excess_return_vs_locked": 0.556873650972042,
    "excess_sharpe_vs_locked": 0.061321443546376364,
    "decision_priority": 1,
    "rank": 1
  },
  "conclusion": "KEEP_SHADOW_ONLY_AND_CONTINUE_RESEARCH"
}