{
  "rows": [
    {
      "variant": "recovery_accelerated",
      "decision": "DO_NOT_LIVE_INTEGRATE_YET",
      "shadow_total_return": 2.18034116496004,
      "shadow_cagr": 0.15960069987362013,
      "shadow_max_drawdown": -0.2823202239504219,
      "shadow_sharpe": 0.9062093278373626,
      "production_total_return": 1.7612862960513116,
      "production_sharpe": 0.861903475132695,
      "q1_2022_avg_weight": 0.7709872667807937,
      "q1_2023_avg_weight": 0.8159661310212697,
      "excess_return_vs_locked": 0.556873650972042,
      "excess_sharpe_vs_locked": 0.061321443546376364,
      "decision_priority": 1,
      "rank": 1
    },
    {
      "variant": "orthogonal_consensus",
      "decision": "DO_NOT_LIVE_INTEGRATE_YET",
      "shadow_total_return": 1.8102921406579608,
      "shadow_cagr": 0.1413869294762895,
      "shadow_max_drawdown": -0.26630803551761517,
      "shadow_sharpe": 0.8645100128950658,
      "production_total_return": 1.7612862960513116,
      "production_sharpe": 0.861903475132695,
      "q1_2022_avg_weight": 0.7164044568727502,
      "q1_2023_avg_weight": 0.6771359015466173,
      "excess_return_vs_locked": 0.1868246266699627,
      "excess_sharpe_vs_locked": 0.019622128604079525,
      "decision_priority": 1,
      "rank": 2
    },
    {
      "variant": "barbell_balance",
      "decision": "DO_NOT_LIVE_INTEGRATE_YET",
      "shadow_total_return": 1.7302762378211058,
      "shadow_cagr": 0.13717513298182538,
      "shadow_max_drawdown": -0.2572719613046659,
      "shadow_sharpe": 0.8508834353455988,
      "production_total_return": 1.7612862960513116,
      "production_sharpe": 0.861903475132695,
      "q1_2022_avg_weight": 0.707473586882314,
      "q1_2023_avg_weight": 0.5694444444444444,
      "excess_return_vs_locked": 0.10680872383310769,
      "excess_sharpe_vs_locked": 0.00599555105461258,
      "decision_priority": 1,
      "rank": 3
    },
    {
      "variant": "stress_hardened",
      "decision": "DO_NOT_LIVE_INTEGRATE_YET",
      "shadow_total_return": 1.5656710907520432,
      "shadow_cagr": 0.12816098167261303,
      "shadow_max_drawdown": -0.2467635009831738,
      "shadow_sharpe": 0.8518788673595813,
      "production_total_return": 1.7612862960513116,
      "production_sharpe": 0.861903475132695,
      "q1_2022_avg_weight": 0.6595617151814664,
      "q1_2023_avg_weight": 0.5,
      "excess_return_vs_locked": -0.05779642323595491,
      "excess_sharpe_vs_locked": 0.006990983068595025,
      "decision_priority": 1,
      "rank": 4
    },
    {
      "variant": "fdas_guardrail",
      "decision": "DO_NOT_LIVE_INTEGRATE_YET",
      "shadow_total_return": 1.4608957371877564,
      "shadow_cagr": 0.12215687713496859,
      "shadow_max_drawdown": -0.2271966089240368,
      "shadow_sharpe": 0.8103630845376923,
      "production_total_return": 1.7612862960513116,
      "production_sharpe": 0.861903475132695,
      "q1_2022_avg_weight": 0.6101694915254238,
      "q1_2023_avg_weight": 0.5874232710458442,
      "excess_return_vs_locked": -0.1625717768002417,
      "excess_sharpe_vs_locked": -0.03452479975329392,
      "decision_priority": 1,
      "rank": 5
    }
  ]
}