mode,top1_accuracy,mean_brier,mean_entropy,lock_incidence,max_raw_target_beta_delta_vs_disabled,mean_target_beta_delta_vs_disabled,rows,approx_total_return,approx_max_drawdown,mean_target_beta,mean_raw_target_beta,mean_turnover,left_tail_mean_beta,penalty_days,reward_days
DISABLED,0.7109665427509294,0.41813392757549706,0.486340221213124,0.004646840148698885,0.0,0.0,2152.0,1.6725309567085103,-0.21386715012770363,0.6613149817359606,0.8511412976111715,0.0029009356558558886,0.60648975565678,0.0,0.0
SHADOW,0.7109665427509294,0.41813392757549706,0.486340221213124,0.004646840148698885,0.0,0.0,2152.0,1.6725309567085103,-0.21386715012770363,0.6613149817359606,0.8511412976111715,0.0029009356558558886,0.60648975565678,0.0,0.0
NEGATIVE_ONLY,0.7109665427509294,0.41813392757549706,0.486340221213124,0.0055762081784386614,0.0,0.02137463689343788,2152.0,1.6660563699692221,-0.2085892393312232,0.6503516667715059,0.8511412976111715,0.0029052455245350854,0.5929295366456775,657.0,0.0
FULL,0.7109665427509294,0.41813392757549706,0.486340221213124,0.0055762081784386614,0.0,0.02137463689343788,2152.0,1.6660563699692221,-0.2085892393312232,0.6503516667715059,0.8511412976111715,0.0029052455245350854,0.5929295366456775,657.0,200.0
