mode,top1_accuracy,mean_brier,mean_entropy,lock_incidence,max_raw_target_beta_delta_vs_disabled,mean_target_beta_delta_vs_disabled,rows,approx_total_return,approx_max_drawdown,mean_target_beta,mean_raw_target_beta,mean_turnover,left_tail_mean_beta,penalty_days,reward_days,acceptance_pass,acceptance_fail_reason
DISABLED,0.6830855018587361,0.4581891302304546,0.5892223677647583,0.0,0.0,0.0,2152.0,1.6978012280440855,-0.23139934805882767,0.7489993421687451,0.8571841686699272,0.0011625620831747442,0.7009406988490922,0.0,0.0,True,PASS
SHADOW,0.6830855018587361,0.4581891302304546,0.5892223677647583,0.0,0.0,0.0,2152.0,1.6978012280440855,-0.23139934805882767,0.7489993421687451,0.8571841686699272,0.0011625620831747442,0.7009406988490922,0.0,0.0,True,PASS
NEGATIVE_ONLY,0.6830855018587361,0.4581891302304546,0.5892223677647583,0.0,0.0,0.035622518393243166,2152.0,1.7502844974784635,-0.23750239921755234,0.7439354712036437,0.8571841686699272,0.0009901241609651364,0.6957978463463398,657.0,0.0,True,PASS
FULL,0.6830855018587361,0.4581891302304546,0.5892223677647583,0.0,0.0,0.03249182178836494,2152.0,1.6996338298925044,-0.22730722484718102,0.7378928330647635,0.8571841686699272,0.0010705679932756635,0.690004148340669,657.0,200.0,True,PASS
