regime,probability_within_band_share,delta_within_band_share,acceleration_within_band_share,probability_mae,delta_mae,acceleration_mae
MID_CYCLE,0.4400966183574879,0.6739130434782609,0.5270531400966184,0.24477396129790183,0.04576298616743553,0.06583686637442547
LATE_CYCLE,0.36135265700483093,0.642512077294686,0.4714975845410628,0.19175347023662462,0.044851122499760934,0.06178996395561502
BUST,0.7391304347826086,0.8120772946859903,0.6816425120772946,0.09167942955270603,0.0185903395159586,0.026054644933756838
RECOVERY,0.457487922705314,0.8444444444444444,0.6502415458937199,0.11887662709749344,0.018918387808155367,0.028614639585939985
