regime,probability_within_band_share,delta_within_band_share,acceleration_within_band_share,probability_mae,delta_mae,acceleration_mae
MID_CYCLE,0.44154589371980674,0.6690821256038647,0.5222222222222223,0.24241680773955365,0.04580310544774847,0.0659652751701437
LATE_CYCLE,0.3652173913043478,0.6396135265700483,0.46908212560386475,0.19010447574811395,0.04508550022311311,0.06233053495083811
BUST,0.744927536231884,0.8053140096618358,0.6690821256038647,0.08936957631196388,0.01946592116048163,0.027702461288065625
RECOVERY,0.4859903381642512,0.8270531400966183,0.6429951690821256,0.113099443414892,0.020378554044864633,0.0313796205432258
