regime,probability_within_band_share,delta_within_band_share,acceleration_within_band_share,probability_mae,delta_mae,acceleration_mae
MID_CYCLE,0.442512077294686,0.6690821256038647,0.5207729468599034,0.24200446916765814,0.04582428699110888,0.06608412964154874
LATE_CYCLE,0.370048309178744,0.6376811594202898,0.4666666666666667,0.18967547764125003,0.04513772208136935,0.0626018546116621
BUST,0.7483091787439613,0.8043478260869565,0.6661835748792271,0.08863412489911202,0.01942505086932103,0.027878564025605547
RECOVERY,0.485024154589372,0.8207729468599034,0.636231884057971,0.11379683988270368,0.02125608310259508,0.03289949500634237
