window,rows,stable_vs_benchmark_regime,probability_within_band_share,delta_within_band_share,acceleration_within_band_share,transition_intensity_mean
2018_Q4,103,0.7378640776699029,0.5533980582524272,0.6796116504854369,0.5048543689320388,0.24724357022947946
2020_COVID,63,0.6666666666666666,0.5198412698412699,0.6547619047619048,0.46825396825396826,0.20197151270044275
2022_TIGHTENING,146,0.9315068493150684,0.5753424657534246,0.7568493150684932,0.5907534246575342,0.1931169041769024
2023_RECOVERY,113,0.7964601769911505,0.668141592920354,0.6415929203539823,0.4314159292035398,0.3163228340054112
2024_PULLBACK,98,0.6632653061224489,0.5535714285714286,0.75,0.6173469387755102,0.2807740868561311
