window,rows,stable_vs_benchmark_regime,probability_within_band_share,delta_within_band_share,acceleration_within_band_share,transition_intensity_mean
2018_Q4,103,0.7378640776699029,0.5533980582524272,0.6868932038834952,0.5072815533980582,0.24724357022947946
2020_COVID,63,0.6349206349206349,0.5,0.6785714285714286,0.47619047619047616,0.20197151270044275
2022_TIGHTENING,146,0.9315068493150684,0.5753424657534246,0.7568493150684932,0.5924657534246576,0.1931169041769024
2023_RECOVERY,113,0.6194690265486725,0.6084070796460177,0.7212389380530974,0.5088495575221239,0.3163228340054112
2024_PULLBACK,98,0.6632653061224489,0.5535714285714286,0.75,0.6173469387755102,0.2807740868561311
