regime,probability_within_band_share,delta_within_band_share,acceleration_within_band_share,probability_mae,delta_mae,acceleration_mae
MID_CYCLE,0.442512077294686,0.6685990338164252,0.5198067632850242,0.24226411930378802,0.04588295411252455,0.06610584096859476
LATE_CYCLE,0.370048309178744,0.6352657004830918,0.46570048309178746,0.1897490956778168,0.04520597255820728,0.06267605024061998
BUST,0.7483091787439613,0.8043478260869565,0.6666666666666666,0.08874673984474367,0.01946457314547531,0.027817165549661228
RECOVERY,0.48357487922705317,0.8202898550724638,0.6367149758454106,0.11394829032990081,0.02128030990931184,0.032665841471975425
