{
  "mainline": {
    "overall": {
      "rows": 2070,
      "stable_vs_benchmark_regime": 0.7270531400966184,
      "probability_within_band_share": 0.5114734299516908,
      "delta_within_band_share": 0.7329710144927536,
      "acceleration_within_band_share": 0.572463768115942,
      "transition_rows": 516,
      "transition_probability_within_band_share": 0.7417635658914729
    },
    "by_regime": [
      {
        "regime": "MID_CYCLE",
        "probability_within_band_share": 0.442512077294686,
        "delta_within_band_share": 0.6690821256038647,
        "acceleration_within_band_share": 0.5207729468599034,
        "probability_mae": 0.24200446916765814,
        "delta_mae": 0.04582428699110888,
        "acceleration_mae": 0.06608412964154874
      },
      {
        "regime": "LATE_CYCLE",
        "probability_within_band_share": 0.370048309178744,
        "delta_within_band_share": 0.6376811594202898,
        "acceleration_within_band_share": 0.4666666666666667,
        "probability_mae": 0.18967547764125003,
        "delta_mae": 0.04513772208136935,
        "acceleration_mae": 0.0626018546116621
      },
      {
        "regime": "BUST",
        "probability_within_band_share": 0.7483091787439613,
        "delta_within_band_share": 0.8043478260869565,
        "acceleration_within_band_share": 0.6661835748792271,
        "probability_mae": 0.08863412489911202,
        "delta_mae": 0.01942505086932103,
        "acceleration_mae": 0.027878564025605547
      },
      {
        "regime": "RECOVERY",
        "probability_within_band_share": 0.485024154589372,
        "delta_within_band_share": 0.8207729468599034,
        "acceleration_within_band_share": 0.636231884057971,
        "probability_mae": 0.11379683988270368,
        "delta_mae": 0.02125608310259508,
        "acceleration_mae": 0.03289949500634237
      }
    ]
  },
  "shadow": {
    "overall": {
      "rows": 1887,
      "stable_vs_benchmark_regime": 0.3985161632220456,
      "probability_within_band_share": 0.33426073131955486,
      "delta_within_band_share": 0.5735294117647058,
      "acceleration_within_band_share": 0.3978537360890302,
      "transition_rows": 472,
      "transition_probability_within_band_share": 0.5338983050847458
    },
    "by_regime": [
      {
        "regime": "MID_CYCLE",
        "probability_within_band_share": 0.21197668256491786,
        "delta_within_band_share": 0.4112347641759406,
        "acceleration_within_band_share": 0.24377318494965552,
        "probability_mae": 0.3925606171766514,
        "delta_mae": 0.0756206728681182,
        "acceleration_mae": 0.10921349355152467
      },
      {
        "regime": "LATE_CYCLE",
        "probability_within_band_share": 0.2368839427662957,
        "delta_within_band_share": 0.6099629040805511,
        "acceleration_within_band_share": 0.42183359830418654,
        "probability_mae": 0.3005720715671944,
        "delta_mae": 0.034945983362842103,
        "acceleration_mae": 0.043954576163640735
      },
      {
        "regime": "BUST",
        "probability_within_band_share": 0.5511393746687865,
        "delta_within_band_share": 0.5919448860625331,
        "acceleration_within_band_share": 0.4122946475887652,
        "probability_mae": 0.14917328626361281,
        "delta_mae": 0.039726691926804655,
        "acceleration_mae": 0.05935690584485971
      },
      {
        "regime": "RECOVERY",
        "probability_within_band_share": 0.3370429252782194,
        "delta_within_band_share": 0.6809750927397986,
        "acceleration_within_band_share": 0.5135135135135135,
        "probability_mae": 0.19656979907666033,
        "delta_mae": 0.049012056994097726,
        "acceleration_mae": 0.07196677467551642
      }
    ]
  }
}