{
  "mainline": {
    "overall": {
      "rows": 2070,
      "stable_vs_benchmark_regime": 0.7222222222222222,
      "probability_within_band_share": 0.5094202898550725,
      "delta_within_band_share": 0.7352657004830918,
      "acceleration_within_band_share": 0.5758454106280193,
      "transition_rows": 516,
      "transition_probability_within_band_share": 0.7412790697674418
    },
    "by_regime": [
      {
        "regime": "MID_CYCLE",
        "probability_within_band_share": 0.44154589371980674,
        "delta_within_band_share": 0.6690821256038647,
        "acceleration_within_band_share": 0.5222222222222223,
        "probability_mae": 0.24241680773955365,
        "delta_mae": 0.04580310544774847,
        "acceleration_mae": 0.0659652751701437
      },
      {
        "regime": "LATE_CYCLE",
        "probability_within_band_share": 0.3652173913043478,
        "delta_within_band_share": 0.6396135265700483,
        "acceleration_within_band_share": 0.46908212560386475,
        "probability_mae": 0.19010447574811395,
        "delta_mae": 0.04508550022311311,
        "acceleration_mae": 0.06233053495083811
      },
      {
        "regime": "BUST",
        "probability_within_band_share": 0.744927536231884,
        "delta_within_band_share": 0.8053140096618358,
        "acceleration_within_band_share": 0.6690821256038647,
        "probability_mae": 0.08936957631196388,
        "delta_mae": 0.01946592116048163,
        "acceleration_mae": 0.027702461288065625
      },
      {
        "regime": "RECOVERY",
        "probability_within_band_share": 0.4859903381642512,
        "delta_within_band_share": 0.8270531400966183,
        "acceleration_within_band_share": 0.6429951690821256,
        "probability_mae": 0.113099443414892,
        "delta_mae": 0.020378554044864633,
        "acceleration_mae": 0.0313796205432258
      }
    ]
  },
  "shadow": {
    "overall": {
      "rows": 1887,
      "stable_vs_benchmark_regime": 0.3985161632220456,
      "probability_within_band_share": 0.33426073131955486,
      "delta_within_band_share": 0.5735294117647058,
      "acceleration_within_band_share": 0.3978537360890302,
      "transition_rows": 472,
      "transition_probability_within_band_share": 0.5338983050847458
    },
    "by_regime": [
      {
        "regime": "MID_CYCLE",
        "probability_within_band_share": 0.21197668256491786,
        "delta_within_band_share": 0.4112347641759406,
        "acceleration_within_band_share": 0.24377318494965552,
        "probability_mae": 0.3925606171766514,
        "delta_mae": 0.0756206728681182,
        "acceleration_mae": 0.10921349355152467
      },
      {
        "regime": "LATE_CYCLE",
        "probability_within_band_share": 0.2368839427662957,
        "delta_within_band_share": 0.6099629040805511,
        "acceleration_within_band_share": 0.42183359830418654,
        "probability_mae": 0.3005720715671944,
        "delta_mae": 0.034945983362842103,
        "acceleration_mae": 0.043954576163640735
      },
      {
        "regime": "BUST",
        "probability_within_band_share": 0.5511393746687865,
        "delta_within_band_share": 0.5919448860625331,
        "acceleration_within_band_share": 0.4122946475887652,
        "probability_mae": 0.14917328626361281,
        "delta_mae": 0.039726691926804655,
        "acceleration_mae": 0.05935690584485971
      },
      {
        "regime": "RECOVERY",
        "probability_within_band_share": 0.3370429252782194,
        "delta_within_band_share": 0.6809750927397986,
        "acceleration_within_band_share": 0.5135135135135135,
        "probability_mae": 0.19656979907666033,
        "delta_mae": 0.049012056994097726,
        "acceleration_mae": 0.07196677467551642
      }
    ]
  }
}