{
  "mainline": {
    "overall": {
      "rows": 2070,
      "stable_vs_benchmark_regime": 0.6763285024154589,
      "probability_within_band_share": 0.46243961352657004,
      "delta_within_band_share": 0.751207729468599,
      "acceleration_within_band_share": 0.6065217391304348,
      "transition_rows": 516,
      "transition_probability_within_band_share": 0.6593992248062015
    },
    "by_regime": [
      {
        "regime": "MID_CYCLE",
        "probability_within_band_share": 0.43333333333333335,
        "delta_within_band_share": 0.6763285024154589,
        "acceleration_within_band_share": 0.5376811594202898,
        "probability_mae": 0.2605704995680897,
        "delta_mae": 0.04545774219013217,
        "acceleration_mae": 0.06481342596778521
      },
      {
        "regime": "LATE_CYCLE",
        "probability_within_band_share": 0.3342995169082126,
        "delta_within_band_share": 0.6434782608695652,
        "acceleration_within_band_share": 0.48792270531400966,
        "probability_mae": 0.20201798629402984,
        "delta_mae": 0.045348778723178274,
        "acceleration_mae": 0.06178817457148428
      },
      {
        "regime": "BUST",
        "probability_within_band_share": 0.7028985507246377,
        "delta_within_band_share": 0.8140096618357487,
        "acceleration_within_band_share": 0.6869565217391305,
        "probability_mae": 0.10300508115205205,
        "delta_mae": 0.018510458022718185,
        "acceleration_mae": 0.024856405414865466
      },
      {
        "regime": "RECOVERY",
        "probability_within_band_share": 0.37922705314009664,
        "delta_within_band_share": 0.8710144927536232,
        "acceleration_within_band_share": 0.7135265700483092,
        "probability_mae": 0.15305584435670933,
        "delta_mae": 0.015473562355935822,
        "acceleration_mae": 0.020855747709851775
      }
    ]
  },
  "shadow": {
    "overall": {
      "rows": 1887,
      "stable_vs_benchmark_regime": 0.3985161632220456,
      "probability_within_band_share": 0.33426073131955486,
      "delta_within_band_share": 0.5735294117647058,
      "acceleration_within_band_share": 0.3978537360890302,
      "transition_rows": 472,
      "transition_probability_within_band_share": 0.5338983050847458
    },
    "by_regime": [
      {
        "regime": "MID_CYCLE",
        "probability_within_band_share": 0.21197668256491786,
        "delta_within_band_share": 0.4112347641759406,
        "acceleration_within_band_share": 0.24377318494965552,
        "probability_mae": 0.3925606171766514,
        "delta_mae": 0.0756206728681182,
        "acceleration_mae": 0.10921349355152467
      },
      {
        "regime": "LATE_CYCLE",
        "probability_within_band_share": 0.2368839427662957,
        "delta_within_band_share": 0.6099629040805511,
        "acceleration_within_band_share": 0.42183359830418654,
        "probability_mae": 0.3005720715671944,
        "delta_mae": 0.034945983362842103,
        "acceleration_mae": 0.043954576163640735
      },
      {
        "regime": "BUST",
        "probability_within_band_share": 0.5511393746687865,
        "delta_within_band_share": 0.5919448860625331,
        "acceleration_within_band_share": 0.4122946475887652,
        "probability_mae": 0.14917328626361281,
        "delta_mae": 0.039726691926804655,
        "acceleration_mae": 0.05935690584485971
      },
      {
        "regime": "RECOVERY",
        "probability_within_band_share": 0.3370429252782194,
        "delta_within_band_share": 0.6809750927397986,
        "acceleration_within_band_share": 0.5135135135135135,
        "probability_mae": 0.19656979907666033,
        "delta_mae": 0.049012056994097726,
        "acceleration_mae": 0.07196677467551642
      }
    ]
  }
}