{
  "mainline": {
    "overall": {
      "rows": 2070,
      "stable_vs_benchmark_regime": 0.7265700483091787,
      "probability_within_band_share": 0.5111111111111111,
      "delta_within_band_share": 0.7321256038647344,
      "acceleration_within_band_share": 0.5722222222222222,
      "transition_rows": 516,
      "transition_probability_within_band_share": 0.7412790697674418
    },
    "by_regime": [
      {
        "regime": "MID_CYCLE",
        "probability_within_band_share": 0.442512077294686,
        "delta_within_band_share": 0.6685990338164252,
        "acceleration_within_band_share": 0.5198067632850242,
        "probability_mae": 0.24226411930378802,
        "delta_mae": 0.04588295411252455,
        "acceleration_mae": 0.06610584096859476
      },
      {
        "regime": "LATE_CYCLE",
        "probability_within_band_share": 0.370048309178744,
        "delta_within_band_share": 0.6352657004830918,
        "acceleration_within_band_share": 0.46570048309178746,
        "probability_mae": 0.1897490956778168,
        "delta_mae": 0.04520597255820728,
        "acceleration_mae": 0.06267605024061998
      },
      {
        "regime": "BUST",
        "probability_within_band_share": 0.7483091787439613,
        "delta_within_band_share": 0.8043478260869565,
        "acceleration_within_band_share": 0.6666666666666666,
        "probability_mae": 0.08874673984474367,
        "delta_mae": 0.01946457314547531,
        "acceleration_mae": 0.027817165549661228
      },
      {
        "regime": "RECOVERY",
        "probability_within_band_share": 0.48357487922705317,
        "delta_within_band_share": 0.8202898550724638,
        "acceleration_within_band_share": 0.6367149758454106,
        "probability_mae": 0.11394829032990081,
        "delta_mae": 0.02128030990931184,
        "acceleration_mae": 0.032665841471975425
      }
    ]
  },
  "shadow": {
    "overall": {
      "rows": 1887,
      "stable_vs_benchmark_regime": 0.3985161632220456,
      "probability_within_band_share": 0.33426073131955486,
      "delta_within_band_share": 0.5735294117647058,
      "acceleration_within_band_share": 0.3978537360890302,
      "transition_rows": 472,
      "transition_probability_within_band_share": 0.5338983050847458
    },
    "by_regime": [
      {
        "regime": "MID_CYCLE",
        "probability_within_band_share": 0.21197668256491786,
        "delta_within_band_share": 0.4112347641759406,
        "acceleration_within_band_share": 0.24377318494965552,
        "probability_mae": 0.3925606171766514,
        "delta_mae": 0.0756206728681182,
        "acceleration_mae": 0.10921349355152467
      },
      {
        "regime": "LATE_CYCLE",
        "probability_within_band_share": 0.2368839427662957,
        "delta_within_band_share": 0.6099629040805511,
        "acceleration_within_band_share": 0.42183359830418654,
        "probability_mae": 0.3005720715671944,
        "delta_mae": 0.034945983362842103,
        "acceleration_mae": 0.043954576163640735
      },
      {
        "regime": "BUST",
        "probability_within_band_share": 0.5511393746687865,
        "delta_within_band_share": 0.5919448860625331,
        "acceleration_within_band_share": 0.4122946475887652,
        "probability_mae": 0.14917328626361281,
        "delta_mae": 0.039726691926804655,
        "acceleration_mae": 0.05935690584485971
      },
      {
        "regime": "RECOVERY",
        "probability_within_band_share": 0.3370429252782194,
        "delta_within_band_share": 0.6809750927397986,
        "acceleration_within_band_share": 0.5135135135135135,
        "probability_mae": 0.19656979907666033,
        "delta_mae": 0.049012056994097726,
        "acceleration_mae": 0.07196677467551642
      }
    ]
  }
}