{
  "mainline": {
    "overall": {
      "rows": 2070,
      "stable_vs_benchmark_regime": 0.6782608695652174,
      "probability_within_band_share": 0.4995169082125604,
      "delta_within_band_share": 0.7432367149758454,
      "acceleration_within_band_share": 0.5826086956521739,
      "transition_rows": 516,
      "transition_probability_within_band_share": 0.7301356589147286
    },
    "by_regime": [
      {
        "regime": "MID_CYCLE",
        "probability_within_band_share": 0.4400966183574879,
        "delta_within_band_share": 0.6739130434782609,
        "acceleration_within_band_share": 0.5270531400966184,
        "probability_mae": 0.24477396129790183,
        "delta_mae": 0.04576298616743553,
        "acceleration_mae": 0.06583686637442547
      },
      {
        "regime": "LATE_CYCLE",
        "probability_within_band_share": 0.36135265700483093,
        "delta_within_band_share": 0.642512077294686,
        "acceleration_within_band_share": 0.4714975845410628,
        "probability_mae": 0.19175347023662462,
        "delta_mae": 0.044851122499760934,
        "acceleration_mae": 0.06178996395561502
      },
      {
        "regime": "BUST",
        "probability_within_band_share": 0.7391304347826086,
        "delta_within_band_share": 0.8120772946859903,
        "acceleration_within_band_share": 0.6816425120772946,
        "probability_mae": 0.09167942955270603,
        "delta_mae": 0.0185903395159586,
        "acceleration_mae": 0.026054644933756838
      },
      {
        "regime": "RECOVERY",
        "probability_within_band_share": 0.457487922705314,
        "delta_within_band_share": 0.8444444444444444,
        "acceleration_within_band_share": 0.6502415458937199,
        "probability_mae": 0.11887662709749344,
        "delta_mae": 0.018918387808155367,
        "acceleration_mae": 0.028614639585939985
      }
    ]
  },
  "shadow": {
    "overall": {
      "rows": 1887,
      "stable_vs_benchmark_regime": 0.3985161632220456,
      "probability_within_band_share": 0.33426073131955486,
      "delta_within_band_share": 0.5735294117647058,
      "acceleration_within_band_share": 0.3978537360890302,
      "transition_rows": 472,
      "transition_probability_within_band_share": 0.5338983050847458
    },
    "by_regime": [
      {
        "regime": "MID_CYCLE",
        "probability_within_band_share": 0.21197668256491786,
        "delta_within_band_share": 0.4112347641759406,
        "acceleration_within_band_share": 0.24377318494965552,
        "probability_mae": 0.3925606171766514,
        "delta_mae": 0.0756206728681182,
        "acceleration_mae": 0.10921349355152467
      },
      {
        "regime": "LATE_CYCLE",
        "probability_within_band_share": 0.2368839427662957,
        "delta_within_band_share": 0.6099629040805511,
        "acceleration_within_band_share": 0.42183359830418654,
        "probability_mae": 0.3005720715671944,
        "delta_mae": 0.034945983362842103,
        "acceleration_mae": 0.043954576163640735
      },
      {
        "regime": "BUST",
        "probability_within_band_share": 0.5511393746687865,
        "delta_within_band_share": 0.5919448860625331,
        "acceleration_within_band_share": 0.4122946475887652,
        "probability_mae": 0.14917328626361281,
        "delta_mae": 0.039726691926804655,
        "acceleration_mae": 0.05935690584485971
      },
      {
        "regime": "RECOVERY",
        "probability_within_band_share": 0.3370429252782194,
        "delta_within_band_share": 0.6809750927397986,
        "acceleration_within_band_share": 0.5135135135135135,
        "probability_mae": 0.19656979907666033,
        "delta_mae": 0.049012056994097726,
        "acceleration_mae": 0.07196677467551642
      }
    ]
  }
}