{
  "bootstrap_fingerprint": "sha256:bcbea3682c387deb1dc666ca02792cff1cd08507b687ee7c1792f281d6690a48",
  "counts": {
    "BUST": 1211.000729173671,
    "LATE_CYCLE": 1553.001797784329,
    "MID_CYCLE": 2158.9969977356063,
    "RECOVERY": 1016.0004753063935
  },
  "execution_state": {
    "beta_evidence": -0.9526830336599408,
    "bucket_cooldown_days": 0,
    "bucket_evidence": 0.0,
    "current_beta": 0.9763415168299704,
    "current_bucket": "QQQ",
    "deployment_evidence": 0.3328926763732533,
    "deployment_state": "DEPLOY_BASE",
    "regime_evidence": 0.0,
    "stable_regime": "MID_CYCLE"
  },
  "last_observation_date": "2026-03-27",
  "last_posterior": {
    "BUST": 0.20983945538225407,
    "LATE_CYCLE": 0.2600712395437893,
    "MID_CYCLE": 0.35866501981465654,
    "RECOVERY": 0.17142428525930004
  },
  "pseudo_count": 1.0,
  "regimes": [
    "MID_CYCLE",
    "LATE_CYCLE",
    "BUST",
    "RECOVERY"
  ],
  "transition_blend": 0.35,
  "transition_counts": {
    "BUST": {
      "BUST": 1206.0,
      "LATE_CYCLE": 1.0,
      "MID_CYCLE": 3.0,
      "RECOVERY": 4.0
    },
    "LATE_CYCLE": {
      "BUST": 5.0,
      "LATE_CYCLE": 1548.0,
      "MID_CYCLE": 2.0,
      "RECOVERY": 1.0
    },
    "MID_CYCLE": {
      "BUST": 2.0,
      "LATE_CYCLE": 5.0,
      "MID_CYCLE": 2152.0,
      "RECOVERY": 1.0
    },
    "RECOVERY": {
      "BUST": 1.0,
      "LATE_CYCLE": 1.0,
      "MID_CYCLE": 4.0,
      "RECOVERY": 1013.0
    }
  },
  "version": "v11-prior-state"
}