{
  "compared_points": 57,
  "top1_accuracy": 0.0,
  "mean_brier": 1.2869605920370655,
  "mean_entropy": 0.5485377470518968,
  "lock_incidence": 0.017543859649122806
}