{
  "shadow": {
    "total_return": 1.7031082439158083,
    "cagr": 0.13572059512061796,
    "max_drawdown": -0.24621360843264783,
    "sharpe": 0.8568337585954446
  },
  "qqq": {
    "total_return": 2.747412464105096,
    "cagr": 0.18420886360420097,
    "max_drawdown": -0.36800345135496837,
    "sharpe": 0.8257359592646135
  },
  "production": {
    "total_return": 1.7612862960513116,
    "cagr": 0.13882002482625677,
    "max_drawdown": -0.2372141449204367,
    "sharpe": 0.861903475132695
  },
  "turnover": {
    "mean_abs_daily_change": 0.05080431076410769
  },
  "windows": {
    "q1_2022": {
      "min_weight": 0.5,
      "avg_weight": 0.705984948980852,
      "max_weight": 1.0
    },
    "q1_2023": {
      "min_weight": 0.5,
      "avg_weight": 0.5874232710458442,
      "max_weight": 1.0
    }
  },
  "decision": "DO_NOT_LIVE_INTEGRATE_YET",
  "reasons": [
    "Shadow total return is below current production beta replay.",
    "Shadow Sharpe is below current production beta replay.",
    "2022 Q1 average weight stayed too high for a defensive live upgrade.",
    "2023 Q1 average weight stayed too low for an aggressive recovery release."
  ]
}