{
  "mean_cross_entropy": 1.274831621718591,
  "avg_transition_latency_days": 2.6773049645390072,
  "per_regime_stats": {
    "MID_CYCLE": {
      "count": 4175,
      "mean_brier": 0.07994678470432373,
      "mean_cross_entropy": 0.3726912675021458
    },
    "LATE_CYCLE": {
      "count": 201,
      "mean_brier": 1.378672172281423,
      "mean_cross_entropy": 6.003260689465318
    },
    "BUST": {
      "count": 797,
      "mean_brier": 0.4851331595346881,
      "mean_cross_entropy": 3.1957815603911985
    },
    "RECOVERY": {
      "count": 421,
      "mean_brier": 1.477134644403906,
      "mean_cross_entropy": 4.327146669496499
    }
  }
}